[0.170s] DEBUG:colcon:Command line arguments: ['/usr/bin/colcon', 'list']
[0.170s] DEBUG:colcon:Parsed command line arguments: Namespace(log_base=None, log_level=None, verb_name='list', build_base='build', ignore_user_meta=False, metas=['./colcon.meta'], base_paths=['.'], packages_ignore=None, packages_ignore_regex=None, paths=None, packages_up_to=None, packages_up_to_regex=None, packages_above=None, packages_above_and_dependencies=None, packages_above_depth=None, packages_select_by_dep=None, packages_skip_by_dep=None, packages_skip_up_to=None, packages_select_build_failed=False, packages_skip_build_finished=False, packages_select_test_failures=False, packages_skip_test_passed=False, packages_select=None, packages_skip=None, packages_select_regex=None, packages_skip_regex=None, packages_start=None, packages_end=None, allow_overriding=[], topological_order=False, names_only=False, paths_only=False, topological_graph=False, topological_graph_dot=False, topological_graph_density=False, topological_graph_legend=False, topological_graph_dot_cluster=False, topological_graph_dot_include_skipped=False, mixin_files=None, mixin=None, verb_parser=<colcon_mixin.mixin.mixin_argument.MixinArgumentDecorator object at 0xffff7f563a00>, verb_extension=<colcon_package_information.verb.list.ListVerb object at 0xffff7f729750>, main=<bound method ListVerb.main of <colcon_package_information.verb.list.ListVerb object at 0xffff7f729750>>, mixin_verb=('list',))
[0.420s] Level 1:colcon.colcon_core.package_discovery:discover_packages(colcon_meta) check parameters
[0.421s] Level 1:colcon.colcon_core.package_discovery:discover_packages(recursive) check parameters
[0.421s] Level 1:colcon.colcon_core.package_discovery:discover_packages(ignore) check parameters
[0.421s] Level 1:colcon.colcon_core.package_discovery:discover_packages(path) check parameters
[0.421s] Level 1:colcon.colcon_core.package_discovery:discover_packages(colcon_meta) discover
[0.421s] Level 1:colcon.colcon_core.package_discovery:discover_packages(recursive) discover
[0.421s] INFO:colcon.colcon_core.package_discovery:Crawling recursively for packages in '/home/ws_moveit/src'
[0.421s] Level 1:colcon.colcon_core.package_identification:_identify(.) by extensions ['ignore', 'ignore_ament_install']
[0.421s] Level 1:colcon.colcon_core.package_identification:_identify(.) by extension 'ignore'
[0.422s] Level 1:colcon.colcon_core.package_identification:_identify(.) by extension 'ignore_ament_install'
[0.422s] Level 1:colcon.colcon_core.package_identification:_identify(.) by extensions ['colcon_pkg']
[0.422s] Level 1:colcon.colcon_core.package_identification:_identify(.) by extension 'colcon_pkg'
[0.422s] Level 1:colcon.colcon_core.package_identification:_identify(.) by extensions ['colcon_meta']
[0.422s] Level 1:colcon.colcon_core.package_identification:_identify(.) by extension 'colcon_meta'
[0.422s] Level 1:colcon.colcon_core.package_identification:_identify(.) by extensions ['ros']
[0.422s] Level 1:colcon.colcon_core.package_identification:_identify(.) by extension 'ros'
[0.441s] Level 1:colcon.colcon_core.package_identification:_identify(.) by extensions ['cmake', 'python']
[0.442s] Level 1:colcon.colcon_core.package_identification:_identify(.) by extension 'cmake'
[0.442s] Level 1:colcon.colcon_core.package_identification:_identify(.) by extension 'python'
[0.442s] Level 1:colcon.colcon_core.package_identification:_identify(.) by extensions ['python_setup_py']
[0.442s] Level 1:colcon.colcon_core.package_identification:_identify(.) by extension 'python_setup_py'
[0.442s] Level 1:colcon.colcon_core.package_identification:_identify(DOBOT_6Axis_ROS2) by extensions ['ignore', 'ignore_ament_install']
[0.442s] Level 1:colcon.colcon_core.package_identification:_identify(DOBOT_6Axis_ROS2) by extension 'ignore'
[0.443s] Level 1:colcon.colcon_core.package_identification:_identify(DOBOT_6Axis_ROS2) by extension 'ignore_ament_install'
[0.443s] Level 1:colcon.colcon_core.package_identification:_identify(DOBOT_6Axis_ROS2) by extensions ['colcon_pkg']
[0.443s] Level 1:colcon.colcon_core.package_identification:_identify(DOBOT_6Axis_ROS2) by extension 'colcon_pkg'
[0.443s] Level 1:colcon.colcon_core.package_identification:_identify(DOBOT_6Axis_ROS2) by extensions ['colcon_meta']
[0.443s] Level 1:colcon.colcon_core.package_identification:_identify(DOBOT_6Axis_ROS2) by extension 'colcon_meta'
[0.443s] Level 1:colcon.colcon_core.package_identification:_identify(DOBOT_6Axis_ROS2) by extensions ['ros']
[0.443s] Level 1:colcon.colcon_core.package_identification:_identify(DOBOT_6Axis_ROS2) by extension 'ros'
[0.443s] Level 1:colcon.colcon_core.package_identification:_identify(DOBOT_6Axis_ROS2) by extensions ['cmake', 'python']
[0.443s] Level 1:colcon.colcon_core.package_identification:_identify(DOBOT_6Axis_ROS2) by extension 'cmake'
[0.443s] Level 1:colcon.colcon_core.package_identification:_identify(DOBOT_6Axis_ROS2) by extension 'python'
[0.443s] Level 1:colcon.colcon_core.package_identification:_identify(DOBOT_6Axis_ROS2) by extensions ['python_setup_py']
[0.443s] Level 1:colcon.colcon_core.package_identification:_identify(DOBOT_6Axis_ROS2) by extension 'python_setup_py'
[0.444s] Level 1:colcon.colcon_core.package_identification:_identify(DOBOT_6Axis_ROS2/V4新增指令) by extensions ['ignore', 'ignore_ament_install']
[0.444s] Level 1:colcon.colcon_core.package_identification:_identify(DOBOT_6Axis_ROS2/V4新增指令) by extension 'ignore'
[0.444s] Level 1:colcon.colcon_core.package_identification:_identify(DOBOT_6Axis_ROS2/V4新增指令) by extension 'ignore_ament_install'
[0.444s] Level 1:colcon.colcon_core.package_identification:_identify(DOBOT_6Axis_ROS2/V4新增指令) by extensions ['colcon_pkg']
[0.444s] Level 1:colcon.colcon_core.package_identification:_identify(DOBOT_6Axis_ROS2/V4新增指令) by extension 'colcon_pkg'
[0.444s] Level 1:colcon.colcon_core.package_identification:_identify(DOBOT_6Axis_ROS2/V4新增指令) by extensions ['colcon_meta']
[0.444s] Level 1:colcon.colcon_core.package_identification:_identify(DOBOT_6Axis_ROS2/V4新增指令) by extension 'colcon_meta'
[0.444s] Level 1:colcon.colcon_core.package_identification:_identify(DOBOT_6Axis_ROS2/V4新增指令) by extensions ['ros']
[0.444s] Level 1:colcon.colcon_core.package_identification:_identify(DOBOT_6Axis_ROS2/V4新增指令) by extension 'ros'
[0.444s] Level 1:colcon.colcon_core.package_identification:_identify(DOBOT_6Axis_ROS2/V4新增指令) by extensions ['cmake', 'python']
[0.445s] Level 1:colcon.colcon_core.package_identification:_identify(DOBOT_6Axis_ROS2/V4新增指令) by extension 'cmake'
[0.445s] Level 1:colcon.colcon_core.package_identification:_identify(DOBOT_6Axis_ROS2/V4新增指令) by extension 'python'
[0.445s] Level 1:colcon.colcon_core.package_identification:_identify(DOBOT_6Axis_ROS2/V4新增指令) by extensions ['python_setup_py']
[0.445s] Level 1:colcon.colcon_core.package_identification:_identify(DOBOT_6Axis_ROS2/V4新增指令) by extension 'python_setup_py'
[0.445s] Level 1:colcon.colcon_core.package_identification:_identify(DOBOT_6Axis_ROS2/cr10_moveit) by extensions ['ignore', 'ignore_ament_install']
[0.445s] Level 1:colcon.colcon_core.package_identification:_identify(DOBOT_6Axis_ROS2/cr10_moveit) by extension 'ignore'
[0.445s] Level 1:colcon.colcon_core.package_identification:_identify(DOBOT_6Axis_ROS2/cr10_moveit) by extension 'ignore_ament_install'
[0.445s] Level 1:colcon.colcon_core.package_identification:_identify(DOBOT_6Axis_ROS2/cr10_moveit) by extensions ['colcon_pkg']
[0.445s] Level 1:colcon.colcon_core.package_identification:_identify(DOBOT_6Axis_ROS2/cr10_moveit) by extension 'colcon_pkg'
[0.445s] Level 1:colcon.colcon_core.package_identification:_identify(DOBOT_6Axis_ROS2/cr10_moveit) by extensions ['colcon_meta']
[0.445s] Level 1:colcon.colcon_core.package_identification:_identify(DOBOT_6Axis_ROS2/cr10_moveit) by extension 'colcon_meta'
[0.445s] Level 1:colcon.colcon_core.package_identification:_identify(DOBOT_6Axis_ROS2/cr10_moveit) by extensions ['ros']
[0.445s] Level 1:colcon.colcon_core.package_identification:_identify(DOBOT_6Axis_ROS2/cr10_moveit) by extension 'ros'
[0.450s] DEBUG:colcon.colcon_core.package_identification:Package 'DOBOT_6Axis_ROS2/cr10_moveit' with type 'ros.ament_cmake' and name 'cr10_moveit'
[0.450s] Level 1:colcon.colcon_core.package_identification:_identify(DOBOT_6Axis_ROS2/cr10af_moveit) by extensions ['ignore', 'ignore_ament_install']
[0.450s] Level 1:colcon.colcon_core.package_identification:_identify(DOBOT_6Axis_ROS2/cr10af_moveit) by extension 'ignore'
[0.451s] Level 1:colcon.colcon_core.package_identification:_identify(DOBOT_6Axis_ROS2/cr10af_moveit) by extension 'ignore_ament_install'
[0.451s] Level 1:colcon.colcon_core.package_identification:_identify(DOBOT_6Axis_ROS2/cr10af_moveit) by extensions ['colcon_pkg']
[0.451s] Level 1:colcon.colcon_core.package_identification:_identify(DOBOT_6Axis_ROS2/cr10af_moveit) by extension 'colcon_pkg'
[0.451s] Level 1:colcon.colcon_core.package_identification:_identify(DOBOT_6Axis_ROS2/cr10af_moveit) by extensions ['colcon_meta']
[0.451s] Level 1:colcon.colcon_core.package_identification:_identify(DOBOT_6Axis_ROS2/cr10af_moveit) by extension 'colcon_meta'
[0.451s] Level 1:colcon.colcon_core.package_identification:_identify(DOBOT_6Axis_ROS2/cr10af_moveit) by extensions ['ros']
[0.451s] Level 1:colcon.colcon_core.package_identification:_identify(DOBOT_6Axis_ROS2/cr10af_moveit) by extension 'ros'
[0.453s] DEBUG:colcon.colcon_core.package_identification:Package 'DOBOT_6Axis_ROS2/cr10af_moveit' with type 'ros.ament_cmake' and name 'cr10af_moveit'
[0.453s] Level 1:colcon.colcon_core.package_identification:_identify(DOBOT_6Axis_ROS2/cr12_moveit) by extensions ['ignore', 'ignore_ament_install']
[0.453s] Level 1:colcon.colcon_core.package_identification:_identify(DOBOT_6Axis_ROS2/cr12_moveit) by extension 'ignore'
[0.453s] Level 1:colcon.colcon_core.package_identification:_identify(DOBOT_6Axis_ROS2/cr12_moveit) by extension 'ignore_ament_install'
[0.453s] Level 1:colcon.colcon_core.package_identification:_identify(DOBOT_6Axis_ROS2/cr12_moveit) by extensions ['colcon_pkg']
[0.453s] Level 1:colcon.colcon_core.package_identification:_identify(DOBOT_6Axis_ROS2/cr12_moveit) by extension 'colcon_pkg'
[0.453s] Level 1:colcon.colcon_core.package_identification:_identify(DOBOT_6Axis_ROS2/cr12_moveit) by extensions ['colcon_meta']
[0.453s] Level 1:colcon.colcon_core.package_identification:_identify(DOBOT_6Axis_ROS2/cr12_moveit) by extension 'colcon_meta'
[0.453s] Level 1:colcon.colcon_core.package_identification:_identify(DOBOT_6Axis_ROS2/cr12_moveit) by extensions ['ros']
[0.453s] Level 1:colcon.colcon_core.package_identification:_identify(DOBOT_6Axis_ROS2/cr12_moveit) by extension 'ros'
[0.455s] DEBUG:colcon.colcon_core.package_identification:Package 'DOBOT_6Axis_ROS2/cr12_moveit' with type 'ros.ament_cmake' and name 'cr12_moveit'
[0.455s] Level 1:colcon.colcon_core.package_identification:_identify(DOBOT_6Axis_ROS2/cr16_moveit) by extensions ['ignore', 'ignore_ament_install']
[0.455s] Level 1:colcon.colcon_core.package_identification:_identify(DOBOT_6Axis_ROS2/cr16_moveit) by extension 'ignore'
[0.455s] Level 1:colcon.colcon_core.package_identification:_identify(DOBOT_6Axis_ROS2/cr16_moveit) by extension 'ignore_ament_install'
[0.455s] Level 1:colcon.colcon_core.package_identification:_identify(DOBOT_6Axis_ROS2/cr16_moveit) by extensions ['colcon_pkg']
[0.455s] Level 1:colcon.colcon_core.package_identification:_identify(DOBOT_6Axis_ROS2/cr16_moveit) by extension 'colcon_pkg'
[0.455s] Level 1:colcon.colcon_core.package_identification:_identify(DOBOT_6Axis_ROS2/cr16_moveit) by extensions ['colcon_meta']
[0.455s] Level 1:colcon.colcon_core.package_identification:_identify(DOBOT_6Axis_ROS2/cr16_moveit) by extension 'colcon_meta'
[0.455s] Level 1:colcon.colcon_core.package_identification:_identify(DOBOT_6Axis_ROS2/cr16_moveit) by extensions ['ros']
[0.456s] Level 1:colcon.colcon_core.package_identification:_identify(DOBOT_6Axis_ROS2/cr16_moveit) by extension 'ros'
[0.457s] DEBUG:colcon.colcon_core.package_identification:Package 'DOBOT_6Axis_ROS2/cr16_moveit' with type 'ros.ament_cmake' and name 'cr16_moveit'
[0.457s] Level 1:colcon.colcon_core.package_identification:_identify(DOBOT_6Axis_ROS2/cr20_moveit) by extensions ['ignore', 'ignore_ament_install']
[0.458s] Level 1:colcon.colcon_core.package_identification:_identify(DOBOT_6Axis_ROS2/cr20_moveit) by extension 'ignore'
[0.458s] Level 1:colcon.colcon_core.package_identification:_identify(DOBOT_6Axis_ROS2/cr20_moveit) by extension 'ignore_ament_install'
[0.458s] Level 1:colcon.colcon_core.package_identification:_identify(DOBOT_6Axis_ROS2/cr20_moveit) by extensions ['colcon_pkg']
[0.458s] Level 1:colcon.colcon_core.package_identification:_identify(DOBOT_6Axis_ROS2/cr20_moveit) by extension 'colcon_pkg'
[0.458s] Level 1:colcon.colcon_core.package_identification:_identify(DOBOT_6Axis_ROS2/cr20_moveit) by extensions ['colcon_meta']
[0.458s] Level 1:colcon.colcon_core.package_identification:_identify(DOBOT_6Axis_ROS2/cr20_moveit) by extension 'colcon_meta'
[0.458s] Level 1:colcon.colcon_core.package_identification:_identify(DOBOT_6Axis_ROS2/cr20_moveit) by extensions ['ros']
[0.458s] Level 1:colcon.colcon_core.package_identification:_identify(DOBOT_6Axis_ROS2/cr20_moveit) by extension 'ros'
[0.460s] DEBUG:colcon.colcon_core.package_identification:Package 'DOBOT_6Axis_ROS2/cr20_moveit' with type 'ros.ament_cmake' and name 'cr20_moveit'
[0.461s] Level 1:colcon.colcon_core.package_identification:_identify(DOBOT_6Axis_ROS2/cr30h_moveit) by extensions ['ignore', 'ignore_ament_install']
[0.461s] Level 1:colcon.colcon_core.package_identification:_identify(DOBOT_6Axis_ROS2/cr30h_moveit) by extension 'ignore'
[0.461s] Level 1:colcon.colcon_core.package_identification:_identify(DOBOT_6Axis_ROS2/cr30h_moveit) by extension 'ignore_ament_install'
[0.461s] Level 1:colcon.colcon_core.package_identification:_identify(DOBOT_6Axis_ROS2/cr30h_moveit) by extensions ['colcon_pkg']
[0.461s] Level 1:colcon.colcon_core.package_identification:_identify(DOBOT_6Axis_ROS2/cr30h_moveit) by extension 'colcon_pkg'
[0.461s] Level 1:colcon.colcon_core.package_identification:_identify(DOBOT_6Axis_ROS2/cr30h_moveit) by extensions ['colcon_meta']
[0.461s] Level 1:colcon.colcon_core.package_identification:_identify(DOBOT_6Axis_ROS2/cr30h_moveit) by extension 'colcon_meta'
[0.461s] Level 1:colcon.colcon_core.package_identification:_identify(DOBOT_6Axis_ROS2/cr30h_moveit) by extensions ['ros']
[0.461s] Level 1:colcon.colcon_core.package_identification:_identify(DOBOT_6Axis_ROS2/cr30h_moveit) by extension 'ros'
[0.463s] DEBUG:colcon.colcon_core.package_identification:Package 'DOBOT_6Axis_ROS2/cr30h_moveit' with type 'ros.ament_cmake' and name 'cr30h_moveit'
[0.463s] Level 1:colcon.colcon_core.package_identification:_identify(DOBOT_6Axis_ROS2/cr3_moveit) by extensions ['ignore', 'ignore_ament_install']
[0.463s] Level 1:colcon.colcon_core.package_identification:_identify(DOBOT_6Axis_ROS2/cr3_moveit) by extension 'ignore'
[0.463s] Level 1:colcon.colcon_core.package_identification:_identify(DOBOT_6Axis_ROS2/cr3_moveit) by extension 'ignore_ament_install'
[0.464s] Level 1:colcon.colcon_core.package_identification:_identify(DOBOT_6Axis_ROS2/cr3_moveit) by extensions ['colcon_pkg']
[0.464s] Level 1:colcon.colcon_core.package_identification:_identify(DOBOT_6Axis_ROS2/cr3_moveit) by extension 'colcon_pkg'
[0.464s] Level 1:colcon.colcon_core.package_identification:_identify(DOBOT_6Axis_ROS2/cr3_moveit) by extensions ['colcon_meta']
[0.464s] Level 1:colcon.colcon_core.package_identification:_identify(DOBOT_6Axis_ROS2/cr3_moveit) by extension 'colcon_meta'
[0.464s] Level 1:colcon.colcon_core.package_identification:_identify(DOBOT_6Axis_ROS2/cr3_moveit) by extensions ['ros']
[0.464s] Level 1:colcon.colcon_core.package_identification:_identify(DOBOT_6Axis_ROS2/cr3_moveit) by extension 'ros'
[0.465s] DEBUG:colcon.colcon_core.package_identification:Package 'DOBOT_6Axis_ROS2/cr3_moveit' with type 'ros.ament_cmake' and name 'cr3_moveit'
[0.465s] Level 1:colcon.colcon_core.package_identification:_identify(DOBOT_6Axis_ROS2/cr5_moveit) by extensions ['ignore', 'ignore_ament_install']
[0.466s] Level 1:colcon.colcon_core.package_identification:_identify(DOBOT_6Axis_ROS2/cr5_moveit) by extension 'ignore'
[0.466s] Level 1:colcon.colcon_core.package_identification:_identify(DOBOT_6Axis_ROS2/cr5_moveit) by extension 'ignore_ament_install'
[0.466s] Level 1:colcon.colcon_core.package_identification:_identify(DOBOT_6Axis_ROS2/cr5_moveit) by extensions ['colcon_pkg']
[0.466s] Level 1:colcon.colcon_core.package_identification:_identify(DOBOT_6Axis_ROS2/cr5_moveit) by extension 'colcon_pkg'
[0.466s] Level 1:colcon.colcon_core.package_identification:_identify(DOBOT_6Axis_ROS2/cr5_moveit) by extensions ['colcon_meta']
[0.466s] Level 1:colcon.colcon_core.package_identification:_identify(DOBOT_6Axis_ROS2/cr5_moveit) by extension 'colcon_meta'
[0.466s] Level 1:colcon.colcon_core.package_identification:_identify(DOBOT_6Axis_ROS2/cr5_moveit) by extensions ['ros']
[0.466s] Level 1:colcon.colcon_core.package_identification:_identify(DOBOT_6Axis_ROS2/cr5_moveit) by extension 'ros'
[0.468s] DEBUG:colcon.colcon_core.package_identification:Package 'DOBOT_6Axis_ROS2/cr5_moveit' with type 'ros.ament_cmake' and name 'cr5_moveit'
[0.468s] Level 1:colcon.colcon_core.package_identification:_identify(DOBOT_6Axis_ROS2/cr7_moveit) by extensions ['ignore', 'ignore_ament_install']
[0.468s] Level 1:colcon.colcon_core.package_identification:_identify(DOBOT_6Axis_ROS2/cr7_moveit) by extension 'ignore'
[0.468s] Level 1:colcon.colcon_core.package_identification:_identify(DOBOT_6Axis_ROS2/cr7_moveit) by extension 'ignore_ament_install'
[0.468s] Level 1:colcon.colcon_core.package_identification:_identify(DOBOT_6Axis_ROS2/cr7_moveit) by extensions ['colcon_pkg']
[0.468s] Level 1:colcon.colcon_core.package_identification:_identify(DOBOT_6Axis_ROS2/cr7_moveit) by extension 'colcon_pkg'
[0.468s] Level 1:colcon.colcon_core.package_identification:_identify(DOBOT_6Axis_ROS2/cr7_moveit) by extensions ['colcon_meta']
[0.468s] Level 1:colcon.colcon_core.package_identification:_identify(DOBOT_6Axis_ROS2/cr7_moveit) by extension 'colcon_meta'
[0.469s] Level 1:colcon.colcon_core.package_identification:_identify(DOBOT_6Axis_ROS2/cr7_moveit) by extensions ['ros']
[0.469s] Level 1:colcon.colcon_core.package_identification:_identify(DOBOT_6Axis_ROS2/cr7_moveit) by extension 'ros'
[0.470s] DEBUG:colcon.colcon_core.package_identification:Package 'DOBOT_6Axis_ROS2/cr7_moveit' with type 'ros.ament_cmake' and name 'cr7_moveit'
[0.470s] Level 1:colcon.colcon_core.package_identification:_identify(DOBOT_6Axis_ROS2/cra_description) by extensions ['ignore', 'ignore_ament_install']
[0.470s] Level 1:colcon.colcon_core.package_identification:_identify(DOBOT_6Axis_ROS2/cra_description) by extension 'ignore'
[0.470s] Level 1:colcon.colcon_core.package_identification:_identify(DOBOT_6Axis_ROS2/cra_description) by extension 'ignore_ament_install'
[0.470s] Level 1:colcon.colcon_core.package_identification:_identify(DOBOT_6Axis_ROS2/cra_description) by extensions ['colcon_pkg']
[0.470s] Level 1:colcon.colcon_core.package_identification:_identify(DOBOT_6Axis_ROS2/cra_description) by extension 'colcon_pkg'
[0.470s] Level 1:colcon.colcon_core.package_identification:_identify(DOBOT_6Axis_ROS2/cra_description) by extensions ['colcon_meta']
[0.470s] Level 1:colcon.colcon_core.package_identification:_identify(DOBOT_6Axis_ROS2/cra_description) by extension 'colcon_meta'
[0.471s] Level 1:colcon.colcon_core.package_identification:_identify(DOBOT_6Axis_ROS2/cra_description) by extensions ['ros']
[0.471s] Level 1:colcon.colcon_core.package_identification:_identify(DOBOT_6Axis_ROS2/cra_description) by extension 'ros'
[0.471s] DEBUG:colcon.colcon_core.package_identification:Package 'DOBOT_6Axis_ROS2/cra_description' with type 'ros.ament_cmake' and name 'cra_description'
[0.471s] Level 1:colcon.colcon_core.package_identification:_identify(DOBOT_6Axis_ROS2/dobot_bringup_v4) by extensions ['ignore', 'ignore_ament_install']
[0.472s] Level 1:colcon.colcon_core.package_identification:_identify(DOBOT_6Axis_ROS2/dobot_bringup_v4) by extension 'ignore'
[0.472s] Level 1:colcon.colcon_core.package_identification:_identify(DOBOT_6Axis_ROS2/dobot_bringup_v4) by extension 'ignore_ament_install'
[0.472s] Level 1:colcon.colcon_core.package_identification:_identify(DOBOT_6Axis_ROS2/dobot_bringup_v4) by extensions ['colcon_pkg']
[0.472s] Level 1:colcon.colcon_core.package_identification:_identify(DOBOT_6Axis_ROS2/dobot_bringup_v4) by extension 'colcon_pkg'
[0.472s] Level 1:colcon.colcon_core.package_identification:_identify(DOBOT_6Axis_ROS2/dobot_bringup_v4) by extensions ['colcon_meta']
[0.472s] Level 1:colcon.colcon_core.package_identification:_identify(DOBOT_6Axis_ROS2/dobot_bringup_v4) by extension 'colcon_meta'
[0.472s] Level 1:colcon.colcon_core.package_identification:_identify(DOBOT_6Axis_ROS2/dobot_bringup_v4) by extensions ['ros']
[0.472s] Level 1:colcon.colcon_core.package_identification:_identify(DOBOT_6Axis_ROS2/dobot_bringup_v4) by extension 'ros'
[0.473s] DEBUG:colcon.colcon_core.package_identification:Package 'DOBOT_6Axis_ROS2/dobot_bringup_v4' with type 'ros.ament_cmake' and name 'cr_robot_ros2'
[0.474s] Level 1:colcon.colcon_core.package_identification:_identify(DOBOT_6Axis_ROS2/dobot_demo) by extensions ['ignore', 'ignore_ament_install']
[0.474s] Level 1:colcon.colcon_core.package_identification:_identify(DOBOT_6Axis_ROS2/dobot_demo) by extension 'ignore'
[0.474s] Level 1:colcon.colcon_core.package_identification:_identify(DOBOT_6Axis_ROS2/dobot_demo) by extension 'ignore_ament_install'
[0.474s] Level 1:colcon.colcon_core.package_identification:_identify(DOBOT_6Axis_ROS2/dobot_demo) by extensions ['colcon_pkg']
[0.474s] Level 1:colcon.colcon_core.package_identification:_identify(DOBOT_6Axis_ROS2/dobot_demo) by extension 'colcon_pkg'
[0.474s] Level 1:colcon.colcon_core.package_identification:_identify(DOBOT_6Axis_ROS2/dobot_demo) by extensions ['colcon_meta']
[0.474s] Level 1:colcon.colcon_core.package_identification:_identify(DOBOT_6Axis_ROS2/dobot_demo) by extension 'colcon_meta'
[0.474s] Level 1:colcon.colcon_core.package_identification:_identify(DOBOT_6Axis_ROS2/dobot_demo) by extensions ['ros']
[0.474s] Level 1:colcon.colcon_core.package_identification:_identify(DOBOT_6Axis_ROS2/dobot_demo) by extension 'ros'
[0.475s] DEBUG:colcon.colcon_core.package_identification:Package 'DOBOT_6Axis_ROS2/dobot_demo' with type 'ros.ament_python' and name 'dobot_demo'
[0.475s] Level 1:colcon.colcon_core.package_identification:_identify(DOBOT_6Axis_ROS2/dobot_gazebo) by extensions ['ignore', 'ignore_ament_install']
[0.476s] Level 1:colcon.colcon_core.package_identification:_identify(DOBOT_6Axis_ROS2/dobot_gazebo) by extension 'ignore'
[0.476s] Level 1:colcon.colcon_core.package_identification:_identify(DOBOT_6Axis_ROS2/dobot_gazebo) by extension 'ignore_ament_install'
[0.476s] Level 1:colcon.colcon_core.package_identification:_identify(DOBOT_6Axis_ROS2/dobot_gazebo) by extensions ['colcon_pkg']
[0.476s] Level 1:colcon.colcon_core.package_identification:_identify(DOBOT_6Axis_ROS2/dobot_gazebo) by extension 'colcon_pkg'
[0.476s] Level 1:colcon.colcon_core.package_identification:_identify(DOBOT_6Axis_ROS2/dobot_gazebo) by extensions ['colcon_meta']
[0.476s] Level 1:colcon.colcon_core.package_identification:_identify(DOBOT_6Axis_ROS2/dobot_gazebo) by extension 'colcon_meta'
[0.476s] Level 1:colcon.colcon_core.package_identification:_identify(DOBOT_6Axis_ROS2/dobot_gazebo) by extensions ['ros']
[0.476s] Level 1:colcon.colcon_core.package_identification:_identify(DOBOT_6Axis_ROS2/dobot_gazebo) by extension 'ros'
[0.477s] DEBUG:colcon.colcon_core.package_identification:Package 'DOBOT_6Axis_ROS2/dobot_gazebo' with type 'ros.ament_cmake' and name 'dobot_gazebo'
[0.477s] Level 1:colcon.colcon_core.package_identification:_identify(DOBOT_6Axis_ROS2/dobot_moveit) by extensions ['ignore', 'ignore_ament_install']
[0.477s] Level 1:colcon.colcon_core.package_identification:_identify(DOBOT_6Axis_ROS2/dobot_moveit) by extension 'ignore'
[0.478s] Level 1:colcon.colcon_core.package_identification:_identify(DOBOT_6Axis_ROS2/dobot_moveit) by extension 'ignore_ament_install'
[0.478s] Level 1:colcon.colcon_core.package_identification:_identify(DOBOT_6Axis_ROS2/dobot_moveit) by extensions ['colcon_pkg']
[0.478s] Level 1:colcon.colcon_core.package_identification:_identify(DOBOT_6Axis_ROS2/dobot_moveit) by extension 'colcon_pkg'
[0.478s] Level 1:colcon.colcon_core.package_identification:_identify(DOBOT_6Axis_ROS2/dobot_moveit) by extensions ['colcon_meta']
[0.478s] Level 1:colcon.colcon_core.package_identification:_identify(DOBOT_6Axis_ROS2/dobot_moveit) by extension 'colcon_meta'
[0.478s] Level 1:colcon.colcon_core.package_identification:_identify(DOBOT_6Axis_ROS2/dobot_moveit) by extensions ['ros']
[0.478s] Level 1:colcon.colcon_core.package_identification:_identify(DOBOT_6Axis_ROS2/dobot_moveit) by extension 'ros'
[0.479s] DEBUG:colcon.colcon_core.package_identification:Package 'DOBOT_6Axis_ROS2/dobot_moveit' with type 'ros.ament_python' and name 'dobot_moveit'
[0.479s] Level 1:colcon.colcon_core.package_identification:_identify(DOBOT_6Axis_ROS2/dobot_msgs_v4) by extensions ['ignore', 'ignore_ament_install']
[0.479s] Level 1:colcon.colcon_core.package_identification:_identify(DOBOT_6Axis_ROS2/dobot_msgs_v4) by extension 'ignore'
[0.479s] Level 1:colcon.colcon_core.package_identification:_identify(DOBOT_6Axis_ROS2/dobot_msgs_v4) by extension 'ignore_ament_install'
[0.479s] Level 1:colcon.colcon_core.package_identification:_identify(DOBOT_6Axis_ROS2/dobot_msgs_v4) by extensions ['colcon_pkg']
[0.479s] Level 1:colcon.colcon_core.package_identification:_identify(DOBOT_6Axis_ROS2/dobot_msgs_v4) by extension 'colcon_pkg'
[0.479s] Level 1:colcon.colcon_core.package_identification:_identify(DOBOT_6Axis_ROS2/dobot_msgs_v4) by extensions ['colcon_meta']
[0.479s] Level 1:colcon.colcon_core.package_identification:_identify(DOBOT_6Axis_ROS2/dobot_msgs_v4) by extension 'colcon_meta'
[0.479s] Level 1:colcon.colcon_core.package_identification:_identify(DOBOT_6Axis_ROS2/dobot_msgs_v4) by extensions ['ros']
[0.479s] Level 1:colcon.colcon_core.package_identification:_identify(DOBOT_6Axis_ROS2/dobot_msgs_v4) by extension 'ros'
[0.480s] DEBUG:colcon.colcon_core.package_identification:Package 'DOBOT_6Axis_ROS2/dobot_msgs_v4' with type 'ros.ament_cmake' and name 'dobot_msgs_v4'
[0.481s] Level 1:colcon.colcon_core.package_identification:_identify(DOBOT_6Axis_ROS2/dobot_rviz) by extensions ['ignore', 'ignore_ament_install']
[0.481s] Level 1:colcon.colcon_core.package_identification:_identify(DOBOT_6Axis_ROS2/dobot_rviz) by extension 'ignore'
[0.481s] Level 1:colcon.colcon_core.package_identification:_identify(DOBOT_6Axis_ROS2/dobot_rviz) by extension 'ignore_ament_install'
[0.481s] Level 1:colcon.colcon_core.package_identification:_identify(DOBOT_6Axis_ROS2/dobot_rviz) by extensions ['colcon_pkg']
[0.481s] Level 1:colcon.colcon_core.package_identification:_identify(DOBOT_6Axis_ROS2/dobot_rviz) by extension 'colcon_pkg'
[0.481s] Level 1:colcon.colcon_core.package_identification:_identify(DOBOT_6Axis_ROS2/dobot_rviz) by extensions ['colcon_meta']
[0.481s] Level 1:colcon.colcon_core.package_identification:_identify(DOBOT_6Axis_ROS2/dobot_rviz) by extension 'colcon_meta'
[0.481s] Level 1:colcon.colcon_core.package_identification:_identify(DOBOT_6Axis_ROS2/dobot_rviz) by extensions ['ros']
[0.481s] Level 1:colcon.colcon_core.package_identification:_identify(DOBOT_6Axis_ROS2/dobot_rviz) by extension 'ros'
[0.482s] DEBUG:colcon.colcon_core.package_identification:Package 'DOBOT_6Axis_ROS2/dobot_rviz' with type 'ros.ament_cmake' and name 'dobot_rviz'
[0.482s] Level 1:colcon.colcon_core.package_identification:_identify(DOBOT_6Axis_ROS2/image) by extensions ['ignore', 'ignore_ament_install']
[0.482s] Level 1:colcon.colcon_core.package_identification:_identify(DOBOT_6Axis_ROS2/image) by extension 'ignore'
[0.482s] Level 1:colcon.colcon_core.package_identification:_identify(DOBOT_6Axis_ROS2/image) by extension 'ignore_ament_install'
[0.482s] Level 1:colcon.colcon_core.package_identification:_identify(DOBOT_6Axis_ROS2/image) by extensions ['colcon_pkg']
[0.482s] Level 1:colcon.colcon_core.package_identification:_identify(DOBOT_6Axis_ROS2/image) by extension 'colcon_pkg'
[0.483s] Level 1:colcon.colcon_core.package_identification:_identify(DOBOT_6Axis_ROS2/image) by extensions ['colcon_meta']
[0.483s] Level 1:colcon.colcon_core.package_identification:_identify(DOBOT_6Axis_ROS2/image) by extension 'colcon_meta'
[0.483s] Level 1:colcon.colcon_core.package_identification:_identify(DOBOT_6Axis_ROS2/image) by extensions ['ros']
[0.483s] Level 1:colcon.colcon_core.package_identification:_identify(DOBOT_6Axis_ROS2/image) by extension 'ros'
[0.483s] Level 1:colcon.colcon_core.package_identification:_identify(DOBOT_6Axis_ROS2/image) by extensions ['cmake', 'python']
[0.483s] Level 1:colcon.colcon_core.package_identification:_identify(DOBOT_6Axis_ROS2/image) by extension 'cmake'
[0.483s] Level 1:colcon.colcon_core.package_identification:_identify(DOBOT_6Axis_ROS2/image) by extension 'python'
[0.483s] Level 1:colcon.colcon_core.package_identification:_identify(DOBOT_6Axis_ROS2/image) by extensions ['python_setup_py']
[0.483s] Level 1:colcon.colcon_core.package_identification:_identify(DOBOT_6Axis_ROS2/image) by extension 'python_setup_py'
[0.483s] Level 1:colcon.colcon_core.package_identification:_identify(DOBOT_6Axis_ROS2/me6_moveit) by extensions ['ignore', 'ignore_ament_install']
[0.483s] Level 1:colcon.colcon_core.package_identification:_identify(DOBOT_6Axis_ROS2/me6_moveit) by extension 'ignore'
[0.483s] Level 1:colcon.colcon_core.package_identification:_identify(DOBOT_6Axis_ROS2/me6_moveit) by extension 'ignore_ament_install'
[0.484s] Level 1:colcon.colcon_core.package_identification:_identify(DOBOT_6Axis_ROS2/me6_moveit) by extensions ['colcon_pkg']
[0.484s] Level 1:colcon.colcon_core.package_identification:_identify(DOBOT_6Axis_ROS2/me6_moveit) by extension 'colcon_pkg'
[0.484s] Level 1:colcon.colcon_core.package_identification:_identify(DOBOT_6Axis_ROS2/me6_moveit) by extensions ['colcon_meta']
[0.484s] Level 1:colcon.colcon_core.package_identification:_identify(DOBOT_6Axis_ROS2/me6_moveit) by extension 'colcon_meta'
[0.484s] Level 1:colcon.colcon_core.package_identification:_identify(DOBOT_6Axis_ROS2/me6_moveit) by extensions ['ros']
[0.484s] Level 1:colcon.colcon_core.package_identification:_identify(DOBOT_6Axis_ROS2/me6_moveit) by extension 'ros'
[0.485s] DEBUG:colcon.colcon_core.package_identification:Package 'DOBOT_6Axis_ROS2/me6_moveit' with type 'ros.ament_cmake' and name 'me6_moveit'
[0.485s] Level 1:colcon.colcon_core.package_identification:_identify(DOBOT_6Axis_ROS2/nova2_moveit) by extensions ['ignore', 'ignore_ament_install']
[0.485s] Level 1:colcon.colcon_core.package_identification:_identify(DOBOT_6Axis_ROS2/nova2_moveit) by extension 'ignore'
[0.485s] Level 1:colcon.colcon_core.package_identification:_identify(DOBOT_6Axis_ROS2/nova2_moveit) by extension 'ignore_ament_install'
[0.485s] Level 1:colcon.colcon_core.package_identification:_identify(DOBOT_6Axis_ROS2/nova2_moveit) by extensions ['colcon_pkg']
[0.486s] Level 1:colcon.colcon_core.package_identification:_identify(DOBOT_6Axis_ROS2/nova2_moveit) by extension 'colcon_pkg'
[0.486s] Level 1:colcon.colcon_core.package_identification:_identify(DOBOT_6Axis_ROS2/nova2_moveit) by extensions ['colcon_meta']
[0.486s] Level 1:colcon.colcon_core.package_identification:_identify(DOBOT_6Axis_ROS2/nova2_moveit) by extension 'colcon_meta'
[0.486s] Level 1:colcon.colcon_core.package_identification:_identify(DOBOT_6Axis_ROS2/nova2_moveit) by extensions ['ros']
[0.486s] Level 1:colcon.colcon_core.package_identification:_identify(DOBOT_6Axis_ROS2/nova2_moveit) by extension 'ros'
[0.487s] DEBUG:colcon.colcon_core.package_identification:Package 'DOBOT_6Axis_ROS2/nova2_moveit' with type 'ros.ament_cmake' and name 'nova2_moveit'
[0.487s] Level 1:colcon.colcon_core.package_identification:_identify(DOBOT_6Axis_ROS2/nova5_moveit) by extensions ['ignore', 'ignore_ament_install']
[0.487s] Level 1:colcon.colcon_core.package_identification:_identify(DOBOT_6Axis_ROS2/nova5_moveit) by extension 'ignore'
[0.487s] Level 1:colcon.colcon_core.package_identification:_identify(DOBOT_6Axis_ROS2/nova5_moveit) by extension 'ignore_ament_install'
[0.488s] Level 1:colcon.colcon_core.package_identification:_identify(DOBOT_6Axis_ROS2/nova5_moveit) by extensions ['colcon_pkg']
[0.488s] Level 1:colcon.colcon_core.package_identification:_identify(DOBOT_6Axis_ROS2/nova5_moveit) by extension 'colcon_pkg'
[0.488s] Level 1:colcon.colcon_core.package_identification:_identify(DOBOT_6Axis_ROS2/nova5_moveit) by extensions ['colcon_meta']
[0.488s] Level 1:colcon.colcon_core.package_identification:_identify(DOBOT_6Axis_ROS2/nova5_moveit) by extension 'colcon_meta'
[0.488s] Level 1:colcon.colcon_core.package_identification:_identify(DOBOT_6Axis_ROS2/nova5_moveit) by extensions ['ros']
[0.488s] Level 1:colcon.colcon_core.package_identification:_identify(DOBOT_6Axis_ROS2/nova5_moveit) by extension 'ros'
[0.489s] DEBUG:colcon.colcon_core.package_identification:Package 'DOBOT_6Axis_ROS2/nova5_moveit' with type 'ros.ament_cmake' and name 'nova5_moveit'
[0.489s] Level 1:colcon.colcon_core.package_identification:_identify(DOBOT_6Axis_ROS2/servo_action) by extensions ['ignore', 'ignore_ament_install']
[0.489s] Level 1:colcon.colcon_core.package_identification:_identify(DOBOT_6Axis_ROS2/servo_action) by extension 'ignore'
[0.489s] Level 1:colcon.colcon_core.package_identification:_identify(DOBOT_6Axis_ROS2/servo_action) by extension 'ignore_ament_install'
[0.489s] Level 1:colcon.colcon_core.package_identification:_identify(DOBOT_6Axis_ROS2/servo_action) by extensions ['colcon_pkg']
[0.490s] Level 1:colcon.colcon_core.package_identification:_identify(DOBOT_6Axis_ROS2/servo_action) by extension 'colcon_pkg'
[0.490s] Level 1:colcon.colcon_core.package_identification:_identify(DOBOT_6Axis_ROS2/servo_action) by extensions ['colcon_meta']
[0.490s] Level 1:colcon.colcon_core.package_identification:_identify(DOBOT_6Axis_ROS2/servo_action) by extension 'colcon_meta'
[0.490s] Level 1:colcon.colcon_core.package_identification:_identify(DOBOT_6Axis_ROS2/servo_action) by extensions ['ros']
[0.490s] Level 1:colcon.colcon_core.package_identification:_identify(DOBOT_6Axis_ROS2/servo_action) by extension 'ros'
[0.491s] DEBUG:colcon.colcon_core.package_identification:Package 'DOBOT_6Axis_ROS2/servo_action' with type 'ros.ament_python' and name 'servo_action'
[0.491s] Level 1:colcon.colcon_core.package_identification:_identify(__pycache__) by extensions ['ignore', 'ignore_ament_install']
[0.491s] Level 1:colcon.colcon_core.package_identification:_identify(__pycache__) by extension 'ignore'
[0.491s] Level 1:colcon.colcon_core.package_identification:_identify(__pycache__) by extension 'ignore_ament_install'
[0.491s] Level 1:colcon.colcon_core.package_identification:_identify(__pycache__) by extensions ['colcon_pkg']
[0.491s] Level 1:colcon.colcon_core.package_identification:_identify(__pycache__) by extension 'colcon_pkg'
[0.491s] Level 1:colcon.colcon_core.package_identification:_identify(__pycache__) by extensions ['colcon_meta']
[0.491s] Level 1:colcon.colcon_core.package_identification:_identify(__pycache__) by extension 'colcon_meta'
[0.491s] Level 1:colcon.colcon_core.package_identification:_identify(__pycache__) by extensions ['ros']
[0.492s] Level 1:colcon.colcon_core.package_identification:_identify(__pycache__) by extension 'ros'
[0.492s] Level 1:colcon.colcon_core.package_identification:_identify(__pycache__) by extensions ['cmake', 'python']
[0.492s] Level 1:colcon.colcon_core.package_identification:_identify(__pycache__) by extension 'cmake'
[0.492s] Level 1:colcon.colcon_core.package_identification:_identify(__pycache__) by extension 'python'
[0.492s] Level 1:colcon.colcon_core.package_identification:_identify(__pycache__) by extensions ['python_setup_py']
[0.492s] Level 1:colcon.colcon_core.package_identification:_identify(__pycache__) by extension 'python_setup_py'
[0.492s] Level 1:colcon.colcon_core.package_identification:_identify(g01_moveit_config) by extensions ['ignore', 'ignore_ament_install']
[0.492s] Level 1:colcon.colcon_core.package_identification:_identify(g01_moveit_config) by extension 'ignore'
[0.492s] Level 1:colcon.colcon_core.package_identification:_identify(g01_moveit_config) by extension 'ignore_ament_install'
[0.492s] Level 1:colcon.colcon_core.package_identification:_identify(g01_moveit_config) by extensions ['colcon_pkg']
[0.493s] Level 1:colcon.colcon_core.package_identification:_identify(g01_moveit_config) by extension 'colcon_pkg'
[0.493s] Level 1:colcon.colcon_core.package_identification:_identify(g01_moveit_config) by extensions ['colcon_meta']
[0.493s] Level 1:colcon.colcon_core.package_identification:_identify(g01_moveit_config) by extension 'colcon_meta'
[0.493s] Level 1:colcon.colcon_core.package_identification:_identify(g01_moveit_config) by extensions ['ros']
[0.493s] Level 1:colcon.colcon_core.package_identification:_identify(g01_moveit_config) by extension 'ros'
[0.494s] DEBUG:colcon.colcon_core.package_identification:Package 'g01_moveit_config' with type 'ros.ament_cmake' and name 'g01_moveit_config'
[0.494s] Level 1:colcon.colcon_core.package_identification:_identify(g01_topic_hardware) by extensions ['ignore', 'ignore_ament_install']
[0.494s] Level 1:colcon.colcon_core.package_identification:_identify(g01_topic_hardware) by extension 'ignore'
[0.495s] Level 1:colcon.colcon_core.package_identification:_identify(g01_topic_hardware) by extension 'ignore_ament_install'
[0.495s] Level 1:colcon.colcon_core.package_identification:_identify(g01_topic_hardware) by extensions ['colcon_pkg']
[0.495s] Level 1:colcon.colcon_core.package_identification:_identify(g01_topic_hardware) by extension 'colcon_pkg'
[0.495s] Level 1:colcon.colcon_core.package_identification:_identify(g01_topic_hardware) by extensions ['colcon_meta']
[0.495s] Level 1:colcon.colcon_core.package_identification:_identify(g01_topic_hardware) by extension 'colcon_meta'
[0.495s] Level 1:colcon.colcon_core.package_identification:_identify(g01_topic_hardware) by extensions ['ros']
[0.495s] Level 1:colcon.colcon_core.package_identification:_identify(g01_topic_hardware) by extension 'ros'
[0.497s] DEBUG:colcon.colcon_core.package_identification:Package 'g01_topic_hardware' with type 'ros.ament_cmake' and name 'g01_topic_hardware'
[0.497s] Level 1:colcon.colcon_core.package_identification:_identify(hello_moveit) by extensions ['ignore', 'ignore_ament_install']
[0.497s] Level 1:colcon.colcon_core.package_identification:_identify(hello_moveit) by extension 'ignore'
[0.497s] Level 1:colcon.colcon_core.package_identification:_identify(hello_moveit) by extension 'ignore_ament_install'
[0.497s] Level 1:colcon.colcon_core.package_identification:_identify(hello_moveit) by extensions ['colcon_pkg']
[0.497s] Level 1:colcon.colcon_core.package_identification:_identify(hello_moveit) by extension 'colcon_pkg'
[0.497s] Level 1:colcon.colcon_core.package_identification:_identify(hello_moveit) by extensions ['colcon_meta']
[0.498s] Level 1:colcon.colcon_core.package_identification:_identify(hello_moveit) by extension 'colcon_meta'
[0.498s] Level 1:colcon.colcon_core.package_identification:_identify(hello_moveit) by extensions ['ros']
[0.498s] Level 1:colcon.colcon_core.package_identification:_identify(hello_moveit) by extension 'ros'
[0.499s] DEBUG:colcon.colcon_core.package_identification:Package 'hello_moveit' with type 'ros.ament_cmake' and name 'hello_moveit'
[0.499s] Level 1:colcon.colcon_core.package_identification:_identify(launch_param_builder) by extensions ['ignore', 'ignore_ament_install']
[0.499s] Level 1:colcon.colcon_core.package_identification:_identify(launch_param_builder) by extension 'ignore'
[0.499s] Level 1:colcon.colcon_core.package_identification:_identify(launch_param_builder) by extension 'ignore_ament_install'
[0.499s] Level 1:colcon.colcon_core.package_identification:_identify(launch_param_builder) by extensions ['colcon_pkg']
[0.500s] Level 1:colcon.colcon_core.package_identification:_identify(launch_param_builder) by extension 'colcon_pkg'
[0.500s] Level 1:colcon.colcon_core.package_identification:_identify(launch_param_builder) by extensions ['colcon_meta']
[0.500s] Level 1:colcon.colcon_core.package_identification:_identify(launch_param_builder) by extension 'colcon_meta'
[0.500s] Level 1:colcon.colcon_core.package_identification:_identify(launch_param_builder) by extensions ['ros']
[0.500s] Level 1:colcon.colcon_core.package_identification:_identify(launch_param_builder) by extension 'ros'
[0.501s] DEBUG:colcon.colcon_core.package_identification:Package 'launch_param_builder' with type 'ros.ament_python' and name 'launch_param_builder'
[0.501s] Level 1:colcon.colcon_core.package_identification:_identify(log) by extensions ['ignore', 'ignore_ament_install']
[0.501s] Level 1:colcon.colcon_core.package_identification:_identify(log) by extension 'ignore'
[0.501s] Level 1:colcon.colcon_core.package_identification:_identify(log) ignored
[0.502s] Level 1:colcon.colcon_core.package_identification:_identify(moveit2) by extensions ['ignore', 'ignore_ament_install']
[0.502s] Level 1:colcon.colcon_core.package_identification:_identify(moveit2) by extension 'ignore'
[0.502s] Level 1:colcon.colcon_core.package_identification:_identify(moveit2) by extension 'ignore_ament_install'
[0.502s] Level 1:colcon.colcon_core.package_identification:_identify(moveit2) by extensions ['colcon_pkg']
[0.502s] Level 1:colcon.colcon_core.package_identification:_identify(moveit2) by extension 'colcon_pkg'
[0.502s] Level 1:colcon.colcon_core.package_identification:_identify(moveit2) by extensions ['colcon_meta']
[0.502s] Level 1:colcon.colcon_core.package_identification:_identify(moveit2) by extension 'colcon_meta'
[0.502s] Level 1:colcon.colcon_core.package_identification:_identify(moveit2) by extensions ['ros']
[0.502s] Level 1:colcon.colcon_core.package_identification:_identify(moveit2) by extension 'ros'
[0.502s] Level 1:colcon.colcon_core.package_identification:_identify(moveit2) by extensions ['cmake', 'python']
[0.502s] Level 1:colcon.colcon_core.package_identification:_identify(moveit2) by extension 'cmake'
[0.502s] Level 1:colcon.colcon_core.package_identification:_identify(moveit2) by extension 'python'
[0.502s] Level 1:colcon.colcon_core.package_identification:_identify(moveit2) by extensions ['python_setup_py']
[0.503s] Level 1:colcon.colcon_core.package_identification:_identify(moveit2) by extension 'python_setup_py'
[0.503s] Level 1:colcon.colcon_core.package_identification:_identify(moveit2/doc) by extensions ['ignore', 'ignore_ament_install']
[0.503s] Level 1:colcon.colcon_core.package_identification:_identify(moveit2/doc) by extension 'ignore'
[0.503s] Level 1:colcon.colcon_core.package_identification:_identify(moveit2/doc) by extension 'ignore_ament_install'
[0.503s] Level 1:colcon.colcon_core.package_identification:_identify(moveit2/doc) by extensions ['colcon_pkg']
[0.503s] Level 1:colcon.colcon_core.package_identification:_identify(moveit2/doc) by extension 'colcon_pkg'
[0.503s] Level 1:colcon.colcon_core.package_identification:_identify(moveit2/doc) by extensions ['colcon_meta']
[0.503s] Level 1:colcon.colcon_core.package_identification:_identify(moveit2/doc) by extension 'colcon_meta'
[0.503s] Level 1:colcon.colcon_core.package_identification:_identify(moveit2/doc) by extensions ['ros']
[0.503s] Level 1:colcon.colcon_core.package_identification:_identify(moveit2/doc) by extension 'ros'
[0.503s] Level 1:colcon.colcon_core.package_identification:_identify(moveit2/doc) by extensions ['cmake', 'python']
[0.504s] Level 1:colcon.colcon_core.package_identification:_identify(moveit2/doc) by extension 'cmake'
[0.504s] Level 1:colcon.colcon_core.package_identification:_identify(moveit2/doc) by extension 'python'
[0.504s] Level 1:colcon.colcon_core.package_identification:_identify(moveit2/doc) by extensions ['python_setup_py']
[0.504s] Level 1:colcon.colcon_core.package_identification:_identify(moveit2/doc) by extension 'python_setup_py'
[0.504s] Level 1:colcon.colcon_core.package_identification:_identify(moveit2/moveit) by extensions ['ignore', 'ignore_ament_install']
[0.504s] Level 1:colcon.colcon_core.package_identification:_identify(moveit2/moveit) by extension 'ignore'
[0.504s] Level 1:colcon.colcon_core.package_identification:_identify(moveit2/moveit) by extension 'ignore_ament_install'
[0.504s] Level 1:colcon.colcon_core.package_identification:_identify(moveit2/moveit) by extensions ['colcon_pkg']
[0.504s] Level 1:colcon.colcon_core.package_identification:_identify(moveit2/moveit) by extension 'colcon_pkg'
[0.504s] Level 1:colcon.colcon_core.package_identification:_identify(moveit2/moveit) by extensions ['colcon_meta']
[0.504s] Level 1:colcon.colcon_core.package_identification:_identify(moveit2/moveit) by extension 'colcon_meta'
[0.504s] Level 1:colcon.colcon_core.package_identification:_identify(moveit2/moveit) by extensions ['ros']
[0.505s] Level 1:colcon.colcon_core.package_identification:_identify(moveit2/moveit) by extension 'ros'
[0.506s] DEBUG:colcon.colcon_core.package_identification:Package 'moveit2/moveit' with type 'ros.ament_cmake' and name 'moveit'
[0.506s] Level 1:colcon.colcon_core.package_identification:_identify(moveit2/moveit_common) by extensions ['ignore', 'ignore_ament_install']
[0.506s] Level 1:colcon.colcon_core.package_identification:_identify(moveit2/moveit_common) by extension 'ignore'
[0.506s] Level 1:colcon.colcon_core.package_identification:_identify(moveit2/moveit_common) by extension 'ignore_ament_install'
[0.506s] Level 1:colcon.colcon_core.package_identification:_identify(moveit2/moveit_common) by extensions ['colcon_pkg']
[0.506s] Level 1:colcon.colcon_core.package_identification:_identify(moveit2/moveit_common) by extension 'colcon_pkg'
[0.506s] Level 1:colcon.colcon_core.package_identification:_identify(moveit2/moveit_common) by extensions ['colcon_meta']
[0.506s] Level 1:colcon.colcon_core.package_identification:_identify(moveit2/moveit_common) by extension 'colcon_meta'
[0.506s] Level 1:colcon.colcon_core.package_identification:_identify(moveit2/moveit_common) by extensions ['ros']
[0.507s] Level 1:colcon.colcon_core.package_identification:_identify(moveit2/moveit_common) by extension 'ros'
[0.507s] DEBUG:colcon.colcon_core.package_identification:Package 'moveit2/moveit_common' with type 'ros.ament_cmake' and name 'moveit_common'
[0.508s] Level 1:colcon.colcon_core.package_identification:_identify(moveit2/moveit_configs_utils) by extensions ['ignore', 'ignore_ament_install']
[0.508s] Level 1:colcon.colcon_core.package_identification:_identify(moveit2/moveit_configs_utils) by extension 'ignore'
[0.508s] Level 1:colcon.colcon_core.package_identification:_identify(moveit2/moveit_configs_utils) by extension 'ignore_ament_install'
[0.508s] Level 1:colcon.colcon_core.package_identification:_identify(moveit2/moveit_configs_utils) by extensions ['colcon_pkg']
[0.508s] Level 1:colcon.colcon_core.package_identification:_identify(moveit2/moveit_configs_utils) by extension 'colcon_pkg'
[0.508s] Level 1:colcon.colcon_core.package_identification:_identify(moveit2/moveit_configs_utils) by extensions ['colcon_meta']
[0.508s] Level 1:colcon.colcon_core.package_identification:_identify(moveit2/moveit_configs_utils) by extension 'colcon_meta'
[0.508s] Level 1:colcon.colcon_core.package_identification:_identify(moveit2/moveit_configs_utils) by extensions ['ros']
[0.508s] Level 1:colcon.colcon_core.package_identification:_identify(moveit2/moveit_configs_utils) by extension 'ros'
[0.510s] DEBUG:colcon.colcon_core.package_identification:Package 'moveit2/moveit_configs_utils' with type 'ros.ament_python' and name 'moveit_configs_utils'
[0.510s] Level 1:colcon.colcon_core.package_identification:_identify(moveit2/moveit_core) by extensions ['ignore', 'ignore_ament_install']
[0.510s] Level 1:colcon.colcon_core.package_identification:_identify(moveit2/moveit_core) by extension 'ignore'
[0.510s] Level 1:colcon.colcon_core.package_identification:_identify(moveit2/moveit_core) by extension 'ignore_ament_install'
[0.510s] Level 1:colcon.colcon_core.package_identification:_identify(moveit2/moveit_core) by extensions ['colcon_pkg']
[0.510s] Level 1:colcon.colcon_core.package_identification:_identify(moveit2/moveit_core) by extension 'colcon_pkg'
[0.510s] Level 1:colcon.colcon_core.package_identification:_identify(moveit2/moveit_core) by extensions ['colcon_meta']
[0.510s] Level 1:colcon.colcon_core.package_identification:_identify(moveit2/moveit_core) by extension 'colcon_meta'
[0.510s] Level 1:colcon.colcon_core.package_identification:_identify(moveit2/moveit_core) by extensions ['ros']
[0.511s] Level 1:colcon.colcon_core.package_identification:_identify(moveit2/moveit_core) by extension 'ros'
[0.515s] DEBUG:colcon.colcon_core.package_identification:Package 'moveit2/moveit_core' with type 'ros.ament_cmake' and name 'moveit_core'
[0.516s] Level 1:colcon.colcon_core.package_identification:_identify(moveit2/moveit_experimental) by extensions ['ignore', 'ignore_ament_install']
[0.516s] Level 1:colcon.colcon_core.package_identification:_identify(moveit2/moveit_experimental) by extension 'ignore'
[0.516s] Level 1:colcon.colcon_core.package_identification:_identify(moveit2/moveit_experimental) ignored
[0.516s] Level 1:colcon.colcon_core.package_identification:_identify(moveit2/moveit_kinematics) by extensions ['ignore', 'ignore_ament_install']
[0.516s] Level 1:colcon.colcon_core.package_identification:_identify(moveit2/moveit_kinematics) by extension 'ignore'
[0.516s] Level 1:colcon.colcon_core.package_identification:_identify(moveit2/moveit_kinematics) by extension 'ignore_ament_install'
[0.516s] Level 1:colcon.colcon_core.package_identification:_identify(moveit2/moveit_kinematics) by extensions ['colcon_pkg']
[0.516s] Level 1:colcon.colcon_core.package_identification:_identify(moveit2/moveit_kinematics) by extension 'colcon_pkg'
[0.516s] Level 1:colcon.colcon_core.package_identification:_identify(moveit2/moveit_kinematics) by extensions ['colcon_meta']
[0.517s] Level 1:colcon.colcon_core.package_identification:_identify(moveit2/moveit_kinematics) by extension 'colcon_meta'
[0.517s] Level 1:colcon.colcon_core.package_identification:_identify(moveit2/moveit_kinematics) by extensions ['ros']
[0.517s] Level 1:colcon.colcon_core.package_identification:_identify(moveit2/moveit_kinematics) by extension 'ros'
[0.519s] DEBUG:colcon.colcon_core.package_identification:Package 'moveit2/moveit_kinematics' with type 'ros.ament_cmake' and name 'moveit_kinematics'
[0.519s] Level 1:colcon.colcon_core.package_identification:_identify(moveit2/moveit_planners) by extensions ['ignore', 'ignore_ament_install']
[0.519s] Level 1:colcon.colcon_core.package_identification:_identify(moveit2/moveit_planners) by extension 'ignore'
[0.519s] Level 1:colcon.colcon_core.package_identification:_identify(moveit2/moveit_planners) by extension 'ignore_ament_install'
[0.519s] Level 1:colcon.colcon_core.package_identification:_identify(moveit2/moveit_planners) by extensions ['colcon_pkg']
[0.519s] Level 1:colcon.colcon_core.package_identification:_identify(moveit2/moveit_planners) by extension 'colcon_pkg'
[0.519s] Level 1:colcon.colcon_core.package_identification:_identify(moveit2/moveit_planners) by extensions ['colcon_meta']
[0.520s] Level 1:colcon.colcon_core.package_identification:_identify(moveit2/moveit_planners) by extension 'colcon_meta'
[0.520s] Level 1:colcon.colcon_core.package_identification:_identify(moveit2/moveit_planners) by extensions ['ros']
[0.520s] Level 1:colcon.colcon_core.package_identification:_identify(moveit2/moveit_planners) by extension 'ros'
[0.520s] Level 1:colcon.colcon_core.package_identification:_identify(moveit2/moveit_planners) by extensions ['cmake', 'python']
[0.520s] Level 1:colcon.colcon_core.package_identification:_identify(moveit2/moveit_planners) by extension 'cmake'
[0.520s] Level 1:colcon.colcon_core.package_identification:_identify(moveit2/moveit_planners) by extension 'python'
[0.520s] Level 1:colcon.colcon_core.package_identification:_identify(moveit2/moveit_planners) by extensions ['python_setup_py']
[0.520s] Level 1:colcon.colcon_core.package_identification:_identify(moveit2/moveit_planners) by extension 'python_setup_py'
[0.520s] Level 1:colcon.colcon_core.package_identification:_identify(moveit2/moveit_planners/chomp) by extensions ['ignore', 'ignore_ament_install']
[0.520s] Level 1:colcon.colcon_core.package_identification:_identify(moveit2/moveit_planners/chomp) by extension 'ignore'
[0.520s] Level 1:colcon.colcon_core.package_identification:_identify(moveit2/moveit_planners/chomp) by extension 'ignore_ament_install'
[0.521s] Level 1:colcon.colcon_core.package_identification:_identify(moveit2/moveit_planners/chomp) by extensions ['colcon_pkg']
[0.521s] Level 1:colcon.colcon_core.package_identification:_identify(moveit2/moveit_planners/chomp) by extension 'colcon_pkg'
[0.521s] Level 1:colcon.colcon_core.package_identification:_identify(moveit2/moveit_planners/chomp) by extensions ['colcon_meta']
[0.521s] Level 1:colcon.colcon_core.package_identification:_identify(moveit2/moveit_planners/chomp) by extension 'colcon_meta'
[0.521s] Level 1:colcon.colcon_core.package_identification:_identify(moveit2/moveit_planners/chomp) by extensions ['ros']
[0.521s] Level 1:colcon.colcon_core.package_identification:_identify(moveit2/moveit_planners/chomp) by extension 'ros'
[0.521s] Level 1:colcon.colcon_core.package_identification:_identify(moveit2/moveit_planners/chomp) by extensions ['cmake', 'python']
[0.521s] Level 1:colcon.colcon_core.package_identification:_identify(moveit2/moveit_planners/chomp) by extension 'cmake'
[0.521s] Level 1:colcon.colcon_core.package_identification:_identify(moveit2/moveit_planners/chomp) by extension 'python'
[0.521s] Level 1:colcon.colcon_core.package_identification:_identify(moveit2/moveit_planners/chomp) by extensions ['python_setup_py']
[0.521s] Level 1:colcon.colcon_core.package_identification:_identify(moveit2/moveit_planners/chomp) by extension 'python_setup_py'
[0.521s] Level 1:colcon.colcon_core.package_identification:_identify(moveit2/moveit_planners/chomp/chomp_interface) by extensions ['ignore', 'ignore_ament_install']
[0.522s] Level 1:colcon.colcon_core.package_identification:_identify(moveit2/moveit_planners/chomp/chomp_interface) by extension 'ignore'
[0.522s] Level 1:colcon.colcon_core.package_identification:_identify(moveit2/moveit_planners/chomp/chomp_interface) by extension 'ignore_ament_install'
[0.522s] Level 1:colcon.colcon_core.package_identification:_identify(moveit2/moveit_planners/chomp/chomp_interface) by extensions ['colcon_pkg']
[0.522s] Level 1:colcon.colcon_core.package_identification:_identify(moveit2/moveit_planners/chomp/chomp_interface) by extension 'colcon_pkg'
[0.522s] Level 1:colcon.colcon_core.package_identification:_identify(moveit2/moveit_planners/chomp/chomp_interface) by extensions ['colcon_meta']
[0.522s] Level 1:colcon.colcon_core.package_identification:_identify(moveit2/moveit_planners/chomp/chomp_interface) by extension 'colcon_meta'
[0.522s] Level 1:colcon.colcon_core.package_identification:_identify(moveit2/moveit_planners/chomp/chomp_interface) by extensions ['ros']
[0.522s] Level 1:colcon.colcon_core.package_identification:_identify(moveit2/moveit_planners/chomp/chomp_interface) by extension 'ros'
[0.523s] DEBUG:colcon.colcon_core.package_identification:Package 'moveit2/moveit_planners/chomp/chomp_interface' with type 'ros.ament_cmake' and name 'moveit_planners_chomp'
[0.524s] Level 1:colcon.colcon_core.package_identification:_identify(moveit2/moveit_planners/chomp/chomp_motion_planner) by extensions ['ignore', 'ignore_ament_install']
[0.524s] Level 1:colcon.colcon_core.package_identification:_identify(moveit2/moveit_planners/chomp/chomp_motion_planner) by extension 'ignore'
[0.524s] Level 1:colcon.colcon_core.package_identification:_identify(moveit2/moveit_planners/chomp/chomp_motion_planner) by extension 'ignore_ament_install'
[0.524s] Level 1:colcon.colcon_core.package_identification:_identify(moveit2/moveit_planners/chomp/chomp_motion_planner) by extensions ['colcon_pkg']
[0.524s] Level 1:colcon.colcon_core.package_identification:_identify(moveit2/moveit_planners/chomp/chomp_motion_planner) by extension 'colcon_pkg'
[0.524s] Level 1:colcon.colcon_core.package_identification:_identify(moveit2/moveit_planners/chomp/chomp_motion_planner) by extensions ['colcon_meta']
[0.524s] Level 1:colcon.colcon_core.package_identification:_identify(moveit2/moveit_planners/chomp/chomp_motion_planner) by extension 'colcon_meta'
[0.524s] Level 1:colcon.colcon_core.package_identification:_identify(moveit2/moveit_planners/chomp/chomp_motion_planner) by extensions ['ros']
[0.524s] Level 1:colcon.colcon_core.package_identification:_identify(moveit2/moveit_planners/chomp/chomp_motion_planner) by extension 'ros'
[0.526s] DEBUG:colcon.colcon_core.package_identification:Package 'moveit2/moveit_planners/chomp/chomp_motion_planner' with type 'ros.ament_cmake' and name 'chomp_motion_planner'
[0.526s] Level 1:colcon.colcon_core.package_identification:_identify(moveit2/moveit_planners/chomp/chomp_optimizer_adapter) by extensions ['ignore', 'ignore_ament_install']
[0.526s] Level 1:colcon.colcon_core.package_identification:_identify(moveit2/moveit_planners/chomp/chomp_optimizer_adapter) by extension 'ignore'
[0.526s] Level 1:colcon.colcon_core.package_identification:_identify(moveit2/moveit_planners/chomp/chomp_optimizer_adapter) by extension 'ignore_ament_install'
[0.526s] Level 1:colcon.colcon_core.package_identification:_identify(moveit2/moveit_planners/chomp/chomp_optimizer_adapter) by extensions ['colcon_pkg']
[0.526s] Level 1:colcon.colcon_core.package_identification:_identify(moveit2/moveit_planners/chomp/chomp_optimizer_adapter) by extension 'colcon_pkg'
[0.526s] Level 1:colcon.colcon_core.package_identification:_identify(moveit2/moveit_planners/chomp/chomp_optimizer_adapter) by extensions ['colcon_meta']
[0.526s] Level 1:colcon.colcon_core.package_identification:_identify(moveit2/moveit_planners/chomp/chomp_optimizer_adapter) by extension 'colcon_meta'
[0.527s] Level 1:colcon.colcon_core.package_identification:_identify(moveit2/moveit_planners/chomp/chomp_optimizer_adapter) by extensions ['ros']
[0.527s] Level 1:colcon.colcon_core.package_identification:_identify(moveit2/moveit_planners/chomp/chomp_optimizer_adapter) by extension 'ros'
[0.528s] DEBUG:colcon.colcon_core.package_identification:Package 'moveit2/moveit_planners/chomp/chomp_optimizer_adapter' with type 'ros.ament_cmake' and name 'moveit_chomp_optimizer_adapter'
[0.528s] Level 1:colcon.colcon_core.package_identification:_identify(moveit2/moveit_planners/moveit_planners) by extensions ['ignore', 'ignore_ament_install']
[0.528s] Level 1:colcon.colcon_core.package_identification:_identify(moveit2/moveit_planners/moveit_planners) by extension 'ignore'
[0.528s] Level 1:colcon.colcon_core.package_identification:_identify(moveit2/moveit_planners/moveit_planners) by extension 'ignore_ament_install'
[0.528s] Level 1:colcon.colcon_core.package_identification:_identify(moveit2/moveit_planners/moveit_planners) by extensions ['colcon_pkg']
[0.529s] Level 1:colcon.colcon_core.package_identification:_identify(moveit2/moveit_planners/moveit_planners) by extension 'colcon_pkg'
[0.529s] Level 1:colcon.colcon_core.package_identification:_identify(moveit2/moveit_planners/moveit_planners) by extensions ['colcon_meta']
[0.529s] Level 1:colcon.colcon_core.package_identification:_identify(moveit2/moveit_planners/moveit_planners) by extension 'colcon_meta'
[0.529s] Level 1:colcon.colcon_core.package_identification:_identify(moveit2/moveit_planners/moveit_planners) by extensions ['ros']
[0.529s] Level 1:colcon.colcon_core.package_identification:_identify(moveit2/moveit_planners/moveit_planners) by extension 'ros'
[0.530s] DEBUG:colcon.colcon_core.package_identification:Package 'moveit2/moveit_planners/moveit_planners' with type 'ros.ament_cmake' and name 'moveit_planners'
[0.530s] Level 1:colcon.colcon_core.package_identification:_identify(moveit2/moveit_planners/ompl) by extensions ['ignore', 'ignore_ament_install']
[0.530s] Level 1:colcon.colcon_core.package_identification:_identify(moveit2/moveit_planners/ompl) by extension 'ignore'
[0.530s] Level 1:colcon.colcon_core.package_identification:_identify(moveit2/moveit_planners/ompl) by extension 'ignore_ament_install'
[0.530s] Level 1:colcon.colcon_core.package_identification:_identify(moveit2/moveit_planners/ompl) by extensions ['colcon_pkg']
[0.530s] Level 1:colcon.colcon_core.package_identification:_identify(moveit2/moveit_planners/ompl) by extension 'colcon_pkg'
[0.530s] Level 1:colcon.colcon_core.package_identification:_identify(moveit2/moveit_planners/ompl) by extensions ['colcon_meta']
[0.530s] Level 1:colcon.colcon_core.package_identification:_identify(moveit2/moveit_planners/ompl) by extension 'colcon_meta'
[0.530s] Level 1:colcon.colcon_core.package_identification:_identify(moveit2/moveit_planners/ompl) by extensions ['ros']
[0.531s] Level 1:colcon.colcon_core.package_identification:_identify(moveit2/moveit_planners/ompl) by extension 'ros'
[0.532s] DEBUG:colcon.colcon_core.package_identification:Package 'moveit2/moveit_planners/ompl' with type 'ros.ament_cmake' and name 'moveit_planners_ompl'
[0.533s] Level 1:colcon.colcon_core.package_identification:_identify(moveit2/moveit_planners/pilz_industrial_motion_planner) by extensions ['ignore', 'ignore_ament_install']
[0.533s] Level 1:colcon.colcon_core.package_identification:_identify(moveit2/moveit_planners/pilz_industrial_motion_planner) by extension 'ignore'
[0.533s] Level 1:colcon.colcon_core.package_identification:_identify(moveit2/moveit_planners/pilz_industrial_motion_planner) by extension 'ignore_ament_install'
[0.533s] Level 1:colcon.colcon_core.package_identification:_identify(moveit2/moveit_planners/pilz_industrial_motion_planner) by extensions ['colcon_pkg']
[0.533s] Level 1:colcon.colcon_core.package_identification:_identify(moveit2/moveit_planners/pilz_industrial_motion_planner) by extension 'colcon_pkg'
[0.533s] Level 1:colcon.colcon_core.package_identification:_identify(moveit2/moveit_planners/pilz_industrial_motion_planner) by extensions ['colcon_meta']
[0.533s] Level 1:colcon.colcon_core.package_identification:_identify(moveit2/moveit_planners/pilz_industrial_motion_planner) by extension 'colcon_meta'
[0.533s] Level 1:colcon.colcon_core.package_identification:_identify(moveit2/moveit_planners/pilz_industrial_motion_planner) by extensions ['ros']
[0.533s] Level 1:colcon.colcon_core.package_identification:_identify(moveit2/moveit_planners/pilz_industrial_motion_planner) by extension 'ros'
[0.537s] DEBUG:colcon.colcon_core.package_identification:Package 'moveit2/moveit_planners/pilz_industrial_motion_planner' with type 'ros.ament_cmake' and name 'pilz_industrial_motion_planner'
[0.537s] Level 1:colcon.colcon_core.package_identification:_identify(moveit2/moveit_planners/pilz_industrial_motion_planner_testutils) by extensions ['ignore', 'ignore_ament_install']
[0.537s] Level 1:colcon.colcon_core.package_identification:_identify(moveit2/moveit_planners/pilz_industrial_motion_planner_testutils) by extension 'ignore'
[0.537s] Level 1:colcon.colcon_core.package_identification:_identify(moveit2/moveit_planners/pilz_industrial_motion_planner_testutils) by extension 'ignore_ament_install'
[0.538s] Level 1:colcon.colcon_core.package_identification:_identify(moveit2/moveit_planners/pilz_industrial_motion_planner_testutils) by extensions ['colcon_pkg']
[0.538s] Level 1:colcon.colcon_core.package_identification:_identify(moveit2/moveit_planners/pilz_industrial_motion_planner_testutils) by extension 'colcon_pkg'
[0.538s] Level 1:colcon.colcon_core.package_identification:_identify(moveit2/moveit_planners/pilz_industrial_motion_planner_testutils) by extensions ['colcon_meta']
[0.538s] Level 1:colcon.colcon_core.package_identification:_identify(moveit2/moveit_planners/pilz_industrial_motion_planner_testutils) by extension 'colcon_meta'
[0.538s] Level 1:colcon.colcon_core.package_identification:_identify(moveit2/moveit_planners/pilz_industrial_motion_planner_testutils) by extensions ['ros']
[0.538s] Level 1:colcon.colcon_core.package_identification:_identify(moveit2/moveit_planners/pilz_industrial_motion_planner_testutils) by extension 'ros'
[0.539s] DEBUG:colcon.colcon_core.package_identification:Package 'moveit2/moveit_planners/pilz_industrial_motion_planner_testutils' with type 'ros.ament_cmake' and name 'pilz_industrial_motion_planner_testutils'
[0.539s] Level 1:colcon.colcon_core.package_identification:_identify(moveit2/moveit_planners/test_configs) by extensions ['ignore', 'ignore_ament_install']
[0.540s] Level 1:colcon.colcon_core.package_identification:_identify(moveit2/moveit_planners/test_configs) by extension 'ignore'
[0.540s] Level 1:colcon.colcon_core.package_identification:_identify(moveit2/moveit_planners/test_configs) by extension 'ignore_ament_install'
[0.540s] Level 1:colcon.colcon_core.package_identification:_identify(moveit2/moveit_planners/test_configs) by extensions ['colcon_pkg']
[0.540s] Level 1:colcon.colcon_core.package_identification:_identify(moveit2/moveit_planners/test_configs) by extension 'colcon_pkg'
[0.540s] Level 1:colcon.colcon_core.package_identification:_identify(moveit2/moveit_planners/test_configs) by extensions ['colcon_meta']
[0.540s] Level 1:colcon.colcon_core.package_identification:_identify(moveit2/moveit_planners/test_configs) by extension 'colcon_meta'
[0.540s] Level 1:colcon.colcon_core.package_identification:_identify(moveit2/moveit_planners/test_configs) by extensions ['ros']
[0.540s] Level 1:colcon.colcon_core.package_identification:_identify(moveit2/moveit_planners/test_configs) by extension 'ros'
[0.540s] Level 1:colcon.colcon_core.package_identification:_identify(moveit2/moveit_planners/test_configs) by extensions ['cmake', 'python']
[0.540s] Level 1:colcon.colcon_core.package_identification:_identify(moveit2/moveit_planners/test_configs) by extension 'cmake'
[0.540s] Level 1:colcon.colcon_core.package_identification:_identify(moveit2/moveit_planners/test_configs) by extension 'python'
[0.541s] Level 1:colcon.colcon_core.package_identification:_identify(moveit2/moveit_planners/test_configs) by extensions ['python_setup_py']
[0.541s] Level 1:colcon.colcon_core.package_identification:_identify(moveit2/moveit_planners/test_configs) by extension 'python_setup_py'
[0.541s] Level 1:colcon.colcon_core.package_identification:_identify(moveit2/moveit_planners/test_configs/prbt_ikfast_manipulator_plugin) by extensions ['ignore', 'ignore_ament_install']
[0.541s] Level 1:colcon.colcon_core.package_identification:_identify(moveit2/moveit_planners/test_configs/prbt_ikfast_manipulator_plugin) by extension 'ignore'
[0.541s] Level 1:colcon.colcon_core.package_identification:_identify(moveit2/moveit_planners/test_configs/prbt_ikfast_manipulator_plugin) by extension 'ignore_ament_install'
[0.541s] Level 1:colcon.colcon_core.package_identification:_identify(moveit2/moveit_planners/test_configs/prbt_ikfast_manipulator_plugin) by extensions ['colcon_pkg']
[0.541s] Level 1:colcon.colcon_core.package_identification:_identify(moveit2/moveit_planners/test_configs/prbt_ikfast_manipulator_plugin) by extension 'colcon_pkg'
[0.541s] Level 1:colcon.colcon_core.package_identification:_identify(moveit2/moveit_planners/test_configs/prbt_ikfast_manipulator_plugin) by extensions ['colcon_meta']
[0.541s] Level 1:colcon.colcon_core.package_identification:_identify(moveit2/moveit_planners/test_configs/prbt_ikfast_manipulator_plugin) by extension 'colcon_meta'
[0.541s] Level 1:colcon.colcon_core.package_identification:_identify(moveit2/moveit_planners/test_configs/prbt_ikfast_manipulator_plugin) by extensions ['ros']
[0.541s] Level 1:colcon.colcon_core.package_identification:_identify(moveit2/moveit_planners/test_configs/prbt_ikfast_manipulator_plugin) by extension 'ros'
[0.543s] DEBUG:colcon.colcon_core.package_identification:Package 'moveit2/moveit_planners/test_configs/prbt_ikfast_manipulator_plugin' with type 'ros.ament_cmake' and name 'moveit_resources_prbt_ikfast_manipulator_plugin'
[0.543s] Level 1:colcon.colcon_core.package_identification:_identify(moveit2/moveit_planners/test_configs/prbt_moveit_config) by extensions ['ignore', 'ignore_ament_install']
[0.543s] Level 1:colcon.colcon_core.package_identification:_identify(moveit2/moveit_planners/test_configs/prbt_moveit_config) by extension 'ignore'
[0.543s] Level 1:colcon.colcon_core.package_identification:_identify(moveit2/moveit_planners/test_configs/prbt_moveit_config) by extension 'ignore_ament_install'
[0.543s] Level 1:colcon.colcon_core.package_identification:_identify(moveit2/moveit_planners/test_configs/prbt_moveit_config) by extensions ['colcon_pkg']
[0.543s] Level 1:colcon.colcon_core.package_identification:_identify(moveit2/moveit_planners/test_configs/prbt_moveit_config) by extension 'colcon_pkg'
[0.543s] Level 1:colcon.colcon_core.package_identification:_identify(moveit2/moveit_planners/test_configs/prbt_moveit_config) by extensions ['colcon_meta']
[0.543s] Level 1:colcon.colcon_core.package_identification:_identify(moveit2/moveit_planners/test_configs/prbt_moveit_config) by extension 'colcon_meta'
[0.544s] Level 1:colcon.colcon_core.package_identification:_identify(moveit2/moveit_planners/test_configs/prbt_moveit_config) by extensions ['ros']
[0.544s] Level 1:colcon.colcon_core.package_identification:_identify(moveit2/moveit_planners/test_configs/prbt_moveit_config) by extension 'ros'
[0.567s] DEBUG:colcon.colcon_core.package_identification:Package 'moveit2/moveit_planners/test_configs/prbt_moveit_config' with type 'ros.ament_cmake' and name 'moveit_resources_prbt_moveit_config'
[0.567s] Level 1:colcon.colcon_core.package_identification:_identify(moveit2/moveit_planners/test_configs/prbt_pg70_support) by extensions ['ignore', 'ignore_ament_install']
[0.567s] Level 1:colcon.colcon_core.package_identification:_identify(moveit2/moveit_planners/test_configs/prbt_pg70_support) by extension 'ignore'
[0.567s] Level 1:colcon.colcon_core.package_identification:_identify(moveit2/moveit_planners/test_configs/prbt_pg70_support) by extension 'ignore_ament_install'
[0.567s] Level 1:colcon.colcon_core.package_identification:_identify(moveit2/moveit_planners/test_configs/prbt_pg70_support) by extensions ['colcon_pkg']
[0.567s] Level 1:colcon.colcon_core.package_identification:_identify(moveit2/moveit_planners/test_configs/prbt_pg70_support) by extension 'colcon_pkg'
[0.567s] Level 1:colcon.colcon_core.package_identification:_identify(moveit2/moveit_planners/test_configs/prbt_pg70_support) by extensions ['colcon_meta']
[0.568s] Level 1:colcon.colcon_core.package_identification:_identify(moveit2/moveit_planners/test_configs/prbt_pg70_support) by extension 'colcon_meta'
[0.568s] Level 1:colcon.colcon_core.package_identification:_identify(moveit2/moveit_planners/test_configs/prbt_pg70_support) by extensions ['ros']
[0.568s] Level 1:colcon.colcon_core.package_identification:_identify(moveit2/moveit_planners/test_configs/prbt_pg70_support) by extension 'ros'
[0.569s] DEBUG:colcon.colcon_core.package_identification:Package 'moveit2/moveit_planners/test_configs/prbt_pg70_support' with type 'ros.ament_cmake' and name 'moveit_resources_prbt_pg70_support'
[0.569s] Level 1:colcon.colcon_core.package_identification:_identify(moveit2/moveit_planners/test_configs/prbt_support) by extensions ['ignore', 'ignore_ament_install']
[0.569s] Level 1:colcon.colcon_core.package_identification:_identify(moveit2/moveit_planners/test_configs/prbt_support) by extension 'ignore'
[0.569s] Level 1:colcon.colcon_core.package_identification:_identify(moveit2/moveit_planners/test_configs/prbt_support) by extension 'ignore_ament_install'
[0.569s] Level 1:colcon.colcon_core.package_identification:_identify(moveit2/moveit_planners/test_configs/prbt_support) by extensions ['colcon_pkg']
[0.569s] Level 1:colcon.colcon_core.package_identification:_identify(moveit2/moveit_planners/test_configs/prbt_support) by extension 'colcon_pkg'
[0.569s] Level 1:colcon.colcon_core.package_identification:_identify(moveit2/moveit_planners/test_configs/prbt_support) by extensions ['colcon_meta']
[0.569s] Level 1:colcon.colcon_core.package_identification:_identify(moveit2/moveit_planners/test_configs/prbt_support) by extension 'colcon_meta'
[0.569s] Level 1:colcon.colcon_core.package_identification:_identify(moveit2/moveit_planners/test_configs/prbt_support) by extensions ['ros']
[0.570s] Level 1:colcon.colcon_core.package_identification:_identify(moveit2/moveit_planners/test_configs/prbt_support) by extension 'ros'
[0.570s] DEBUG:colcon.colcon_core.package_identification:Package 'moveit2/moveit_planners/test_configs/prbt_support' with type 'ros.ament_cmake' and name 'moveit_resources_prbt_support'
[0.571s] Level 1:colcon.colcon_core.package_identification:_identify(moveit2/moveit_planners/trajopt) by extensions ['ignore', 'ignore_ament_install']
[0.571s] Level 1:colcon.colcon_core.package_identification:_identify(moveit2/moveit_planners/trajopt) by extension 'ignore'
[0.571s] Level 1:colcon.colcon_core.package_identification:_identify(moveit2/moveit_planners/trajopt) ignored
[0.571s] Level 1:colcon.colcon_core.package_identification:_identify(moveit2/moveit_plugins) by extensions ['ignore', 'ignore_ament_install']
[0.571s] Level 1:colcon.colcon_core.package_identification:_identify(moveit2/moveit_plugins) by extension 'ignore'
[0.572s] Level 1:colcon.colcon_core.package_identification:_identify(moveit2/moveit_plugins) by extension 'ignore_ament_install'
[0.572s] Level 1:colcon.colcon_core.package_identification:_identify(moveit2/moveit_plugins) by extensions ['colcon_pkg']
[0.572s] Level 1:colcon.colcon_core.package_identification:_identify(moveit2/moveit_plugins) by extension 'colcon_pkg'
[0.572s] Level 1:colcon.colcon_core.package_identification:_identify(moveit2/moveit_plugins) by extensions ['colcon_meta']
[0.572s] Level 1:colcon.colcon_core.package_identification:_identify(moveit2/moveit_plugins) by extension 'colcon_meta'
[0.572s] Level 1:colcon.colcon_core.package_identification:_identify(moveit2/moveit_plugins) by extensions ['ros']
[0.572s] Level 1:colcon.colcon_core.package_identification:_identify(moveit2/moveit_plugins) by extension 'ros'
[0.572s] Level 1:colcon.colcon_core.package_identification:_identify(moveit2/moveit_plugins) by extensions ['cmake', 'python']
[0.572s] Level 1:colcon.colcon_core.package_identification:_identify(moveit2/moveit_plugins) by extension 'cmake'
[0.572s] Level 1:colcon.colcon_core.package_identification:_identify(moveit2/moveit_plugins) by extension 'python'
[0.572s] Level 1:colcon.colcon_core.package_identification:_identify(moveit2/moveit_plugins) by extensions ['python_setup_py']
[0.572s] Level 1:colcon.colcon_core.package_identification:_identify(moveit2/moveit_plugins) by extension 'python_setup_py'
[0.573s] Level 1:colcon.colcon_core.package_identification:_identify(moveit2/moveit_plugins/moveit_plugins) by extensions ['ignore', 'ignore_ament_install']
[0.573s] Level 1:colcon.colcon_core.package_identification:_identify(moveit2/moveit_plugins/moveit_plugins) by extension 'ignore'
[0.573s] Level 1:colcon.colcon_core.package_identification:_identify(moveit2/moveit_plugins/moveit_plugins) by extension 'ignore_ament_install'
[0.573s] Level 1:colcon.colcon_core.package_identification:_identify(moveit2/moveit_plugins/moveit_plugins) by extensions ['colcon_pkg']
[0.573s] Level 1:colcon.colcon_core.package_identification:_identify(moveit2/moveit_plugins/moveit_plugins) by extension 'colcon_pkg'
[0.573s] Level 1:colcon.colcon_core.package_identification:_identify(moveit2/moveit_plugins/moveit_plugins) by extensions ['colcon_meta']
[0.573s] Level 1:colcon.colcon_core.package_identification:_identify(moveit2/moveit_plugins/moveit_plugins) by extension 'colcon_meta'
[0.573s] Level 1:colcon.colcon_core.package_identification:_identify(moveit2/moveit_plugins/moveit_plugins) by extensions ['ros']
[0.573s] Level 1:colcon.colcon_core.package_identification:_identify(moveit2/moveit_plugins/moveit_plugins) by extension 'ros'
[0.574s] DEBUG:colcon.colcon_core.package_identification:Package 'moveit2/moveit_plugins/moveit_plugins' with type 'ros.ament_cmake' and name 'moveit_plugins'
[0.575s] Level 1:colcon.colcon_core.package_identification:_identify(moveit2/moveit_plugins/moveit_ros_control_interface) by extensions ['ignore', 'ignore_ament_install']
[0.575s] Level 1:colcon.colcon_core.package_identification:_identify(moveit2/moveit_plugins/moveit_ros_control_interface) by extension 'ignore'
[0.575s] Level 1:colcon.colcon_core.package_identification:_identify(moveit2/moveit_plugins/moveit_ros_control_interface) by extension 'ignore_ament_install'
[0.575s] Level 1:colcon.colcon_core.package_identification:_identify(moveit2/moveit_plugins/moveit_ros_control_interface) by extensions ['colcon_pkg']
[0.575s] Level 1:colcon.colcon_core.package_identification:_identify(moveit2/moveit_plugins/moveit_ros_control_interface) by extension 'colcon_pkg'
[0.575s] Level 1:colcon.colcon_core.package_identification:_identify(moveit2/moveit_plugins/moveit_ros_control_interface) by extensions ['colcon_meta']
[0.575s] Level 1:colcon.colcon_core.package_identification:_identify(moveit2/moveit_plugins/moveit_ros_control_interface) by extension 'colcon_meta'
[0.575s] Level 1:colcon.colcon_core.package_identification:_identify(moveit2/moveit_plugins/moveit_ros_control_interface) by extensions ['ros']
[0.575s] Level 1:colcon.colcon_core.package_identification:_identify(moveit2/moveit_plugins/moveit_ros_control_interface) by extension 'ros'
[0.577s] DEBUG:colcon.colcon_core.package_identification:Package 'moveit2/moveit_plugins/moveit_ros_control_interface' with type 'ros.ament_cmake' and name 'moveit_ros_control_interface'
[0.578s] Level 1:colcon.colcon_core.package_identification:_identify(moveit2/moveit_plugins/moveit_simple_controller_manager) by extensions ['ignore', 'ignore_ament_install']
[0.578s] Level 1:colcon.colcon_core.package_identification:_identify(moveit2/moveit_plugins/moveit_simple_controller_manager) by extension 'ignore'
[0.578s] Level 1:colcon.colcon_core.package_identification:_identify(moveit2/moveit_plugins/moveit_simple_controller_manager) by extension 'ignore_ament_install'
[0.578s] Level 1:colcon.colcon_core.package_identification:_identify(moveit2/moveit_plugins/moveit_simple_controller_manager) by extensions ['colcon_pkg']
[0.578s] Level 1:colcon.colcon_core.package_identification:_identify(moveit2/moveit_plugins/moveit_simple_controller_manager) by extension 'colcon_pkg'
[0.578s] Level 1:colcon.colcon_core.package_identification:_identify(moveit2/moveit_plugins/moveit_simple_controller_manager) by extensions ['colcon_meta']
[0.578s] Level 1:colcon.colcon_core.package_identification:_identify(moveit2/moveit_plugins/moveit_simple_controller_manager) by extension 'colcon_meta'
[0.578s] Level 1:colcon.colcon_core.package_identification:_identify(moveit2/moveit_plugins/moveit_simple_controller_manager) by extensions ['ros']
[0.578s] Level 1:colcon.colcon_core.package_identification:_identify(moveit2/moveit_plugins/moveit_simple_controller_manager) by extension 'ros'
[0.580s] DEBUG:colcon.colcon_core.package_identification:Package 'moveit2/moveit_plugins/moveit_simple_controller_manager' with type 'ros.ament_cmake' and name 'moveit_simple_controller_manager'
[0.581s] Level 1:colcon.colcon_core.package_identification:_identify(moveit2/moveit_py) by extensions ['ignore', 'ignore_ament_install']
[0.581s] Level 1:colcon.colcon_core.package_identification:_identify(moveit2/moveit_py) by extension 'ignore'
[0.581s] Level 1:colcon.colcon_core.package_identification:_identify(moveit2/moveit_py) by extension 'ignore_ament_install'
[0.581s] Level 1:colcon.colcon_core.package_identification:_identify(moveit2/moveit_py) by extensions ['colcon_pkg']
[0.581s] Level 1:colcon.colcon_core.package_identification:_identify(moveit2/moveit_py) by extension 'colcon_pkg'
[0.582s] Level 1:colcon.colcon_core.package_identification:_identify(moveit2/moveit_py) by extensions ['colcon_meta']
[0.582s] Level 1:colcon.colcon_core.package_identification:_identify(moveit2/moveit_py) by extension 'colcon_meta'
[0.582s] Level 1:colcon.colcon_core.package_identification:_identify(moveit2/moveit_py) by extensions ['ros']
[0.582s] Level 1:colcon.colcon_core.package_identification:_identify(moveit2/moveit_py) by extension 'ros'
[0.583s] DEBUG:colcon.colcon_core.package_identification:Package 'moveit2/moveit_py' with type 'ros.ament_cmake' and name 'moveit_py'
[0.584s] Level 1:colcon.colcon_core.package_identification:_identify(moveit2/moveit_ros) by extensions ['ignore', 'ignore_ament_install']
[0.584s] Level 1:colcon.colcon_core.package_identification:_identify(moveit2/moveit_ros) by extension 'ignore'
[0.584s] Level 1:colcon.colcon_core.package_identification:_identify(moveit2/moveit_ros) by extension 'ignore_ament_install'
[0.584s] Level 1:colcon.colcon_core.package_identification:_identify(moveit2/moveit_ros) by extensions ['colcon_pkg']
[0.584s] Level 1:colcon.colcon_core.package_identification:_identify(moveit2/moveit_ros) by extension 'colcon_pkg'
[0.584s] Level 1:colcon.colcon_core.package_identification:_identify(moveit2/moveit_ros) by extensions ['colcon_meta']
[0.584s] Level 1:colcon.colcon_core.package_identification:_identify(moveit2/moveit_ros) by extension 'colcon_meta'
[0.585s] Level 1:colcon.colcon_core.package_identification:_identify(moveit2/moveit_ros) by extensions ['ros']
[0.585s] Level 1:colcon.colcon_core.package_identification:_identify(moveit2/moveit_ros) by extension 'ros'
[0.585s] Level 1:colcon.colcon_core.package_identification:_identify(moveit2/moveit_ros) by extensions ['cmake', 'python']
[0.585s] Level 1:colcon.colcon_core.package_identification:_identify(moveit2/moveit_ros) by extension 'cmake'
[0.585s] Level 1:colcon.colcon_core.package_identification:_identify(moveit2/moveit_ros) by extension 'python'
[0.585s] Level 1:colcon.colcon_core.package_identification:_identify(moveit2/moveit_ros) by extensions ['python_setup_py']
[0.585s] Level 1:colcon.colcon_core.package_identification:_identify(moveit2/moveit_ros) by extension 'python_setup_py'
[0.585s] Level 1:colcon.colcon_core.package_identification:_identify(moveit2/moveit_ros/benchmarks) by extensions ['ignore', 'ignore_ament_install']
[0.585s] Level 1:colcon.colcon_core.package_identification:_identify(moveit2/moveit_ros/benchmarks) by extension 'ignore'
[0.585s] Level 1:colcon.colcon_core.package_identification:_identify(moveit2/moveit_ros/benchmarks) by extension 'ignore_ament_install'
[0.586s] Level 1:colcon.colcon_core.package_identification:_identify(moveit2/moveit_ros/benchmarks) by extensions ['colcon_pkg']
[0.586s] Level 1:colcon.colcon_core.package_identification:_identify(moveit2/moveit_ros/benchmarks) by extension 'colcon_pkg'
[0.586s] Level 1:colcon.colcon_core.package_identification:_identify(moveit2/moveit_ros/benchmarks) by extensions ['colcon_meta']
[0.586s] Level 1:colcon.colcon_core.package_identification:_identify(moveit2/moveit_ros/benchmarks) by extension 'colcon_meta'
[0.586s] Level 1:colcon.colcon_core.package_identification:_identify(moveit2/moveit_ros/benchmarks) by extensions ['ros']
[0.586s] Level 1:colcon.colcon_core.package_identification:_identify(moveit2/moveit_ros/benchmarks) by extension 'ros'
[0.588s] DEBUG:colcon.colcon_core.package_identification:Package 'moveit2/moveit_ros/benchmarks' with type 'ros.ament_cmake' and name 'moveit_ros_benchmarks'
[0.588s] Level 1:colcon.colcon_core.package_identification:_identify(moveit2/moveit_ros/hybrid_planning) by extensions ['ignore', 'ignore_ament_install']
[0.588s] Level 1:colcon.colcon_core.package_identification:_identify(moveit2/moveit_ros/hybrid_planning) by extension 'ignore'
[0.588s] Level 1:colcon.colcon_core.package_identification:_identify(moveit2/moveit_ros/hybrid_planning) by extension 'ignore_ament_install'
[0.589s] Level 1:colcon.colcon_core.package_identification:_identify(moveit2/moveit_ros/hybrid_planning) by extensions ['colcon_pkg']
[0.589s] Level 1:colcon.colcon_core.package_identification:_identify(moveit2/moveit_ros/hybrid_planning) by extension 'colcon_pkg'
[0.589s] Level 1:colcon.colcon_core.package_identification:_identify(moveit2/moveit_ros/hybrid_planning) by extensions ['colcon_meta']
[0.589s] Level 1:colcon.colcon_core.package_identification:_identify(moveit2/moveit_ros/hybrid_planning) by extension 'colcon_meta'
[0.589s] Level 1:colcon.colcon_core.package_identification:_identify(moveit2/moveit_ros/hybrid_planning) by extensions ['ros']
[0.589s] Level 1:colcon.colcon_core.package_identification:_identify(moveit2/moveit_ros/hybrid_planning) by extension 'ros'
[0.591s] DEBUG:colcon.colcon_core.package_identification:Package 'moveit2/moveit_ros/hybrid_planning' with type 'ros.ament_cmake' and name 'moveit_hybrid_planning'
[0.592s] Level 1:colcon.colcon_core.package_identification:_identify(moveit2/moveit_ros/move_group) by extensions ['ignore', 'ignore_ament_install']
[0.592s] Level 1:colcon.colcon_core.package_identification:_identify(moveit2/moveit_ros/move_group) by extension 'ignore'
[0.592s] Level 1:colcon.colcon_core.package_identification:_identify(moveit2/moveit_ros/move_group) by extension 'ignore_ament_install'
[0.592s] Level 1:colcon.colcon_core.package_identification:_identify(moveit2/moveit_ros/move_group) by extensions ['colcon_pkg']
[0.592s] Level 1:colcon.colcon_core.package_identification:_identify(moveit2/moveit_ros/move_group) by extension 'colcon_pkg'
[0.592s] Level 1:colcon.colcon_core.package_identification:_identify(moveit2/moveit_ros/move_group) by extensions ['colcon_meta']
[0.592s] Level 1:colcon.colcon_core.package_identification:_identify(moveit2/moveit_ros/move_group) by extension 'colcon_meta'
[0.593s] Level 1:colcon.colcon_core.package_identification:_identify(moveit2/moveit_ros/move_group) by extensions ['ros']
[0.593s] Level 1:colcon.colcon_core.package_identification:_identify(moveit2/moveit_ros/move_group) by extension 'ros'
[0.595s] DEBUG:colcon.colcon_core.package_identification:Package 'moveit2/moveit_ros/move_group' with type 'ros.ament_cmake' and name 'moveit_ros_move_group'
[0.595s] Level 1:colcon.colcon_core.package_identification:_identify(moveit2/moveit_ros/moveit_ros) by extensions ['ignore', 'ignore_ament_install']
[0.596s] Level 1:colcon.colcon_core.package_identification:_identify(moveit2/moveit_ros/moveit_ros) by extension 'ignore'
[0.596s] Level 1:colcon.colcon_core.package_identification:_identify(moveit2/moveit_ros/moveit_ros) by extension 'ignore_ament_install'
[0.596s] Level 1:colcon.colcon_core.package_identification:_identify(moveit2/moveit_ros/moveit_ros) by extensions ['colcon_pkg']
[0.596s] Level 1:colcon.colcon_core.package_identification:_identify(moveit2/moveit_ros/moveit_ros) by extension 'colcon_pkg'
[0.596s] Level 1:colcon.colcon_core.package_identification:_identify(moveit2/moveit_ros/moveit_ros) by extensions ['colcon_meta']
[0.596s] Level 1:colcon.colcon_core.package_identification:_identify(moveit2/moveit_ros/moveit_ros) by extension 'colcon_meta'
[0.596s] Level 1:colcon.colcon_core.package_identification:_identify(moveit2/moveit_ros/moveit_ros) by extensions ['ros']
[0.596s] Level 1:colcon.colcon_core.package_identification:_identify(moveit2/moveit_ros/moveit_ros) by extension 'ros'
[0.597s] DEBUG:colcon.colcon_core.package_identification:Package 'moveit2/moveit_ros/moveit_ros' with type 'ros.ament_cmake' and name 'moveit_ros'
[0.598s] Level 1:colcon.colcon_core.package_identification:_identify(moveit2/moveit_ros/moveit_servo) by extensions ['ignore', 'ignore_ament_install']
[0.598s] Level 1:colcon.colcon_core.package_identification:_identify(moveit2/moveit_ros/moveit_servo) by extension 'ignore'
[0.598s] Level 1:colcon.colcon_core.package_identification:_identify(moveit2/moveit_ros/moveit_servo) by extension 'ignore_ament_install'
[0.598s] Level 1:colcon.colcon_core.package_identification:_identify(moveit2/moveit_ros/moveit_servo) by extensions ['colcon_pkg']
[0.598s] Level 1:colcon.colcon_core.package_identification:_identify(moveit2/moveit_ros/moveit_servo) by extension 'colcon_pkg'
[0.598s] Level 1:colcon.colcon_core.package_identification:_identify(moveit2/moveit_ros/moveit_servo) by extensions ['colcon_meta']
[0.598s] Level 1:colcon.colcon_core.package_identification:_identify(moveit2/moveit_ros/moveit_servo) by extension 'colcon_meta'
[0.598s] Level 1:colcon.colcon_core.package_identification:_identify(moveit2/moveit_ros/moveit_servo) by extensions ['ros']
[0.598s] Level 1:colcon.colcon_core.package_identification:_identify(moveit2/moveit_ros/moveit_servo) by extension 'ros'
[0.601s] DEBUG:colcon.colcon_core.package_identification:Package 'moveit2/moveit_ros/moveit_servo' with type 'ros.ament_cmake' and name 'moveit_servo'
[0.601s] Level 1:colcon.colcon_core.package_identification:_identify(moveit2/moveit_ros/occupancy_map_monitor) by extensions ['ignore', 'ignore_ament_install']
[0.601s] Level 1:colcon.colcon_core.package_identification:_identify(moveit2/moveit_ros/occupancy_map_monitor) by extension 'ignore'
[0.601s] Level 1:colcon.colcon_core.package_identification:_identify(moveit2/moveit_ros/occupancy_map_monitor) by extension 'ignore_ament_install'
[0.601s] Level 1:colcon.colcon_core.package_identification:_identify(moveit2/moveit_ros/occupancy_map_monitor) by extensions ['colcon_pkg']
[0.601s] Level 1:colcon.colcon_core.package_identification:_identify(moveit2/moveit_ros/occupancy_map_monitor) by extension 'colcon_pkg'
[0.602s] Level 1:colcon.colcon_core.package_identification:_identify(moveit2/moveit_ros/occupancy_map_monitor) by extensions ['colcon_meta']
[0.602s] Level 1:colcon.colcon_core.package_identification:_identify(moveit2/moveit_ros/occupancy_map_monitor) by extension 'colcon_meta'
[0.602s] Level 1:colcon.colcon_core.package_identification:_identify(moveit2/moveit_ros/occupancy_map_monitor) by extensions ['ros']
[0.602s] Level 1:colcon.colcon_core.package_identification:_identify(moveit2/moveit_ros/occupancy_map_monitor) by extension 'ros'
[0.604s] DEBUG:colcon.colcon_core.package_identification:Package 'moveit2/moveit_ros/occupancy_map_monitor' with type 'ros.ament_cmake' and name 'moveit_ros_occupancy_map_monitor'
[0.604s] Level 1:colcon.colcon_core.package_identification:_identify(moveit2/moveit_ros/perception) by extensions ['ignore', 'ignore_ament_install']
[0.604s] Level 1:colcon.colcon_core.package_identification:_identify(moveit2/moveit_ros/perception) by extension 'ignore'
[0.604s] Level 1:colcon.colcon_core.package_identification:_identify(moveit2/moveit_ros/perception) by extension 'ignore_ament_install'
[0.605s] Level 1:colcon.colcon_core.package_identification:_identify(moveit2/moveit_ros/perception) by extensions ['colcon_pkg']
[0.605s] Level 1:colcon.colcon_core.package_identification:_identify(moveit2/moveit_ros/perception) by extension 'colcon_pkg'
[0.605s] Level 1:colcon.colcon_core.package_identification:_identify(moveit2/moveit_ros/perception) by extensions ['colcon_meta']
[0.605s] Level 1:colcon.colcon_core.package_identification:_identify(moveit2/moveit_ros/perception) by extension 'colcon_meta'
[0.605s] Level 1:colcon.colcon_core.package_identification:_identify(moveit2/moveit_ros/perception) by extensions ['ros']
[0.605s] Level 1:colcon.colcon_core.package_identification:_identify(moveit2/moveit_ros/perception) by extension 'ros'
[0.608s] DEBUG:colcon.colcon_core.package_identification:Package 'moveit2/moveit_ros/perception' with type 'ros.ament_cmake' and name 'moveit_ros_perception'
[0.609s] Level 1:colcon.colcon_core.package_identification:_identify(moveit2/moveit_ros/planning) by extensions ['ignore', 'ignore_ament_install']
[0.609s] Level 1:colcon.colcon_core.package_identification:_identify(moveit2/moveit_ros/planning) by extension 'ignore'
[0.609s] Level 1:colcon.colcon_core.package_identification:_identify(moveit2/moveit_ros/planning) by extension 'ignore_ament_install'
[0.609s] Level 1:colcon.colcon_core.package_identification:_identify(moveit2/moveit_ros/planning) by extensions ['colcon_pkg']
[0.609s] Level 1:colcon.colcon_core.package_identification:_identify(moveit2/moveit_ros/planning) by extension 'colcon_pkg'
[0.609s] Level 1:colcon.colcon_core.package_identification:_identify(moveit2/moveit_ros/planning) by extensions ['colcon_meta']
[0.609s] Level 1:colcon.colcon_core.package_identification:_identify(moveit2/moveit_ros/planning) by extension 'colcon_meta'
[0.609s] Level 1:colcon.colcon_core.package_identification:_identify(moveit2/moveit_ros/planning) by extensions ['ros']
[0.609s] Level 1:colcon.colcon_core.package_identification:_identify(moveit2/moveit_ros/planning) by extension 'ros'
[0.612s] DEBUG:colcon.colcon_core.package_identification:Package 'moveit2/moveit_ros/planning' with type 'ros.ament_cmake' and name 'moveit_ros_planning'
[0.613s] Level 1:colcon.colcon_core.package_identification:_identify(moveit2/moveit_ros/planning_interface) by extensions ['ignore', 'ignore_ament_install']
[0.613s] Level 1:colcon.colcon_core.package_identification:_identify(moveit2/moveit_ros/planning_interface) by extension 'ignore'
[0.613s] Level 1:colcon.colcon_core.package_identification:_identify(moveit2/moveit_ros/planning_interface) by extension 'ignore_ament_install'
[0.613s] Level 1:colcon.colcon_core.package_identification:_identify(moveit2/moveit_ros/planning_interface) by extensions ['colcon_pkg']
[0.613s] Level 1:colcon.colcon_core.package_identification:_identify(moveit2/moveit_ros/planning_interface) by extension 'colcon_pkg'
[0.613s] Level 1:colcon.colcon_core.package_identification:_identify(moveit2/moveit_ros/planning_interface) by extensions ['colcon_meta']
[0.613s] Level 1:colcon.colcon_core.package_identification:_identify(moveit2/moveit_ros/planning_interface) by extension 'colcon_meta'
[0.613s] Level 1:colcon.colcon_core.package_identification:_identify(moveit2/moveit_ros/planning_interface) by extensions ['ros']
[0.613s] Level 1:colcon.colcon_core.package_identification:_identify(moveit2/moveit_ros/planning_interface) by extension 'ros'
[0.616s] DEBUG:colcon.colcon_core.package_identification:Package 'moveit2/moveit_ros/planning_interface' with type 'ros.ament_cmake' and name 'moveit_ros_planning_interface'
[0.616s] Level 1:colcon.colcon_core.package_identification:_identify(moveit2/moveit_ros/robot_interaction) by extensions ['ignore', 'ignore_ament_install']
[0.616s] Level 1:colcon.colcon_core.package_identification:_identify(moveit2/moveit_ros/robot_interaction) by extension 'ignore'
[0.617s] Level 1:colcon.colcon_core.package_identification:_identify(moveit2/moveit_ros/robot_interaction) by extension 'ignore_ament_install'
[0.617s] Level 1:colcon.colcon_core.package_identification:_identify(moveit2/moveit_ros/robot_interaction) by extensions ['colcon_pkg']
[0.617s] Level 1:colcon.colcon_core.package_identification:_identify(moveit2/moveit_ros/robot_interaction) by extension 'colcon_pkg'
[0.617s] Level 1:colcon.colcon_core.package_identification:_identify(moveit2/moveit_ros/robot_interaction) by extensions ['colcon_meta']
[0.617s] Level 1:colcon.colcon_core.package_identification:_identify(moveit2/moveit_ros/robot_interaction) by extension 'colcon_meta'
[0.617s] Level 1:colcon.colcon_core.package_identification:_identify(moveit2/moveit_ros/robot_interaction) by extensions ['ros']
[0.617s] Level 1:colcon.colcon_core.package_identification:_identify(moveit2/moveit_ros/robot_interaction) by extension 'ros'
[0.619s] DEBUG:colcon.colcon_core.package_identification:Package 'moveit2/moveit_ros/robot_interaction' with type 'ros.ament_cmake' and name 'moveit_ros_robot_interaction'
[0.620s] Level 1:colcon.colcon_core.package_identification:_identify(moveit2/moveit_ros/visualization) by extensions ['ignore', 'ignore_ament_install']
[0.620s] Level 1:colcon.colcon_core.package_identification:_identify(moveit2/moveit_ros/visualization) by extension 'ignore'
[0.620s] Level 1:colcon.colcon_core.package_identification:_identify(moveit2/moveit_ros/visualization) by extension 'ignore_ament_install'
[0.620s] Level 1:colcon.colcon_core.package_identification:_identify(moveit2/moveit_ros/visualization) by extensions ['colcon_pkg']
[0.620s] Level 1:colcon.colcon_core.package_identification:_identify(moveit2/moveit_ros/visualization) by extension 'colcon_pkg'
[0.620s] Level 1:colcon.colcon_core.package_identification:_identify(moveit2/moveit_ros/visualization) by extensions ['colcon_meta']
[0.620s] Level 1:colcon.colcon_core.package_identification:_identify(moveit2/moveit_ros/visualization) by extension 'colcon_meta'
[0.620s] Level 1:colcon.colcon_core.package_identification:_identify(moveit2/moveit_ros/visualization) by extensions ['ros']
[0.620s] Level 1:colcon.colcon_core.package_identification:_identify(moveit2/moveit_ros/visualization) by extension 'ros'
[0.623s] DEBUG:colcon.colcon_core.package_identification:Package 'moveit2/moveit_ros/visualization' with type 'ros.ament_cmake' and name 'moveit_ros_visualization'
[0.623s] Level 1:colcon.colcon_core.package_identification:_identify(moveit2/moveit_ros/warehouse) by extensions ['ignore', 'ignore_ament_install']
[0.623s] Level 1:colcon.colcon_core.package_identification:_identify(moveit2/moveit_ros/warehouse) by extension 'ignore'
[0.623s] Level 1:colcon.colcon_core.package_identification:_identify(moveit2/moveit_ros/warehouse) by extension 'ignore_ament_install'
[0.623s] Level 1:colcon.colcon_core.package_identification:_identify(moveit2/moveit_ros/warehouse) by extensions ['colcon_pkg']
[0.623s] Level 1:colcon.colcon_core.package_identification:_identify(moveit2/moveit_ros/warehouse) by extension 'colcon_pkg'
[0.624s] Level 1:colcon.colcon_core.package_identification:_identify(moveit2/moveit_ros/warehouse) by extensions ['colcon_meta']
[0.624s] Level 1:colcon.colcon_core.package_identification:_identify(moveit2/moveit_ros/warehouse) by extension 'colcon_meta'
[0.624s] Level 1:colcon.colcon_core.package_identification:_identify(moveit2/moveit_ros/warehouse) by extensions ['ros']
[0.624s] Level 1:colcon.colcon_core.package_identification:_identify(moveit2/moveit_ros/warehouse) by extension 'ros'
[0.626s] DEBUG:colcon.colcon_core.package_identification:Package 'moveit2/moveit_ros/warehouse' with type 'ros.ament_cmake' and name 'moveit_ros_warehouse'
[0.626s] Level 1:colcon.colcon_core.package_identification:_identify(moveit2/moveit_runtime) by extensions ['ignore', 'ignore_ament_install']
[0.626s] Level 1:colcon.colcon_core.package_identification:_identify(moveit2/moveit_runtime) by extension 'ignore'
[0.626s] Level 1:colcon.colcon_core.package_identification:_identify(moveit2/moveit_runtime) by extension 'ignore_ament_install'
[0.626s] Level 1:colcon.colcon_core.package_identification:_identify(moveit2/moveit_runtime) by extensions ['colcon_pkg']
[0.626s] Level 1:colcon.colcon_core.package_identification:_identify(moveit2/moveit_runtime) by extension 'colcon_pkg'
[0.626s] Level 1:colcon.colcon_core.package_identification:_identify(moveit2/moveit_runtime) by extensions ['colcon_meta']
[0.626s] Level 1:colcon.colcon_core.package_identification:_identify(moveit2/moveit_runtime) by extension 'colcon_meta'
[0.626s] Level 1:colcon.colcon_core.package_identification:_identify(moveit2/moveit_runtime) by extensions ['ros']
[0.627s] Level 1:colcon.colcon_core.package_identification:_identify(moveit2/moveit_runtime) by extension 'ros'
[0.627s] DEBUG:colcon.colcon_core.package_identification:Package 'moveit2/moveit_runtime' with type 'ros.ament_cmake' and name 'moveit_runtime'
[0.628s] Level 1:colcon.colcon_core.package_identification:_identify(moveit2/moveit_setup_assistant) by extensions ['ignore', 'ignore_ament_install']
[0.628s] Level 1:colcon.colcon_core.package_identification:_identify(moveit2/moveit_setup_assistant) by extension 'ignore'
[0.628s] Level 1:colcon.colcon_core.package_identification:_identify(moveit2/moveit_setup_assistant) by extension 'ignore_ament_install'
[0.628s] Level 1:colcon.colcon_core.package_identification:_identify(moveit2/moveit_setup_assistant) by extensions ['colcon_pkg']
[0.628s] Level 1:colcon.colcon_core.package_identification:_identify(moveit2/moveit_setup_assistant) by extension 'colcon_pkg'
[0.628s] Level 1:colcon.colcon_core.package_identification:_identify(moveit2/moveit_setup_assistant) by extensions ['colcon_meta']
[0.628s] Level 1:colcon.colcon_core.package_identification:_identify(moveit2/moveit_setup_assistant) by extension 'colcon_meta'
[0.628s] Level 1:colcon.colcon_core.package_identification:_identify(moveit2/moveit_setup_assistant) by extensions ['ros']
[0.628s] Level 1:colcon.colcon_core.package_identification:_identify(moveit2/moveit_setup_assistant) by extension 'ros'
[0.628s] Level 1:colcon.colcon_core.package_identification:_identify(moveit2/moveit_setup_assistant) by extensions ['cmake', 'python']
[0.629s] Level 1:colcon.colcon_core.package_identification:_identify(moveit2/moveit_setup_assistant) by extension 'cmake'
[0.629s] Level 1:colcon.colcon_core.package_identification:_identify(moveit2/moveit_setup_assistant) by extension 'python'
[0.629s] Level 1:colcon.colcon_core.package_identification:_identify(moveit2/moveit_setup_assistant) by extensions ['python_setup_py']
[0.629s] Level 1:colcon.colcon_core.package_identification:_identify(moveit2/moveit_setup_assistant) by extension 'python_setup_py'
[0.629s] Level 1:colcon.colcon_core.package_identification:_identify(moveit2/moveit_setup_assistant/graphics) by extensions ['ignore', 'ignore_ament_install']
[0.629s] Level 1:colcon.colcon_core.package_identification:_identify(moveit2/moveit_setup_assistant/graphics) by extension 'ignore'
[0.629s] Level 1:colcon.colcon_core.package_identification:_identify(moveit2/moveit_setup_assistant/graphics) by extension 'ignore_ament_install'
[0.629s] Level 1:colcon.colcon_core.package_identification:_identify(moveit2/moveit_setup_assistant/graphics) by extensions ['colcon_pkg']
[0.629s] Level 1:colcon.colcon_core.package_identification:_identify(moveit2/moveit_setup_assistant/graphics) by extension 'colcon_pkg'
[0.629s] Level 1:colcon.colcon_core.package_identification:_identify(moveit2/moveit_setup_assistant/graphics) by extensions ['colcon_meta']
[0.629s] Level 1:colcon.colcon_core.package_identification:_identify(moveit2/moveit_setup_assistant/graphics) by extension 'colcon_meta'
[0.629s] Level 1:colcon.colcon_core.package_identification:_identify(moveit2/moveit_setup_assistant/graphics) by extensions ['ros']
[0.630s] Level 1:colcon.colcon_core.package_identification:_identify(moveit2/moveit_setup_assistant/graphics) by extension 'ros'
[0.630s] Level 1:colcon.colcon_core.package_identification:_identify(moveit2/moveit_setup_assistant/graphics) by extensions ['cmake', 'python']
[0.630s] Level 1:colcon.colcon_core.package_identification:_identify(moveit2/moveit_setup_assistant/graphics) by extension 'cmake'
[0.630s] Level 1:colcon.colcon_core.package_identification:_identify(moveit2/moveit_setup_assistant/graphics) by extension 'python'
[0.630s] Level 1:colcon.colcon_core.package_identification:_identify(moveit2/moveit_setup_assistant/graphics) by extensions ['python_setup_py']
[0.630s] Level 1:colcon.colcon_core.package_identification:_identify(moveit2/moveit_setup_assistant/graphics) by extension 'python_setup_py'
[0.630s] Level 1:colcon.colcon_core.package_identification:_identify(moveit2/moveit_setup_assistant/graphics/source) by extensions ['ignore', 'ignore_ament_install']
[0.630s] Level 1:colcon.colcon_core.package_identification:_identify(moveit2/moveit_setup_assistant/graphics/source) by extension 'ignore'
[0.630s] Level 1:colcon.colcon_core.package_identification:_identify(moveit2/moveit_setup_assistant/graphics/source) by extension 'ignore_ament_install'
[0.630s] Level 1:colcon.colcon_core.package_identification:_identify(moveit2/moveit_setup_assistant/graphics/source) by extensions ['colcon_pkg']
[0.630s] Level 1:colcon.colcon_core.package_identification:_identify(moveit2/moveit_setup_assistant/graphics/source) by extension 'colcon_pkg'
[0.630s] Level 1:colcon.colcon_core.package_identification:_identify(moveit2/moveit_setup_assistant/graphics/source) by extensions ['colcon_meta']
[0.630s] Level 1:colcon.colcon_core.package_identification:_identify(moveit2/moveit_setup_assistant/graphics/source) by extension 'colcon_meta'
[0.631s] Level 1:colcon.colcon_core.package_identification:_identify(moveit2/moveit_setup_assistant/graphics/source) by extensions ['ros']
[0.631s] Level 1:colcon.colcon_core.package_identification:_identify(moveit2/moveit_setup_assistant/graphics/source) by extension 'ros'
[0.631s] Level 1:colcon.colcon_core.package_identification:_identify(moveit2/moveit_setup_assistant/graphics/source) by extensions ['cmake', 'python']
[0.631s] Level 1:colcon.colcon_core.package_identification:_identify(moveit2/moveit_setup_assistant/graphics/source) by extension 'cmake'
[0.631s] Level 1:colcon.colcon_core.package_identification:_identify(moveit2/moveit_setup_assistant/graphics/source) by extension 'python'
[0.631s] Level 1:colcon.colcon_core.package_identification:_identify(moveit2/moveit_setup_assistant/graphics/source) by extensions ['python_setup_py']
[0.631s] Level 1:colcon.colcon_core.package_identification:_identify(moveit2/moveit_setup_assistant/graphics/source) by extension 'python_setup_py'
[0.631s] Level 1:colcon.colcon_core.package_identification:_identify(moveit2/moveit_setup_assistant/moveit_setup_app_plugins) by extensions ['ignore', 'ignore_ament_install']
[0.631s] Level 1:colcon.colcon_core.package_identification:_identify(moveit2/moveit_setup_assistant/moveit_setup_app_plugins) by extension 'ignore'
[0.631s] Level 1:colcon.colcon_core.package_identification:_identify(moveit2/moveit_setup_assistant/moveit_setup_app_plugins) by extension 'ignore_ament_install'
[0.631s] Level 1:colcon.colcon_core.package_identification:_identify(moveit2/moveit_setup_assistant/moveit_setup_app_plugins) by extensions ['colcon_pkg']
[0.631s] Level 1:colcon.colcon_core.package_identification:_identify(moveit2/moveit_setup_assistant/moveit_setup_app_plugins) by extension 'colcon_pkg'
[0.632s] Level 1:colcon.colcon_core.package_identification:_identify(moveit2/moveit_setup_assistant/moveit_setup_app_plugins) by extensions ['colcon_meta']
[0.632s] Level 1:colcon.colcon_core.package_identification:_identify(moveit2/moveit_setup_assistant/moveit_setup_app_plugins) by extension 'colcon_meta'
[0.632s] Level 1:colcon.colcon_core.package_identification:_identify(moveit2/moveit_setup_assistant/moveit_setup_app_plugins) by extensions ['ros']
[0.632s] Level 1:colcon.colcon_core.package_identification:_identify(moveit2/moveit_setup_assistant/moveit_setup_app_plugins) by extension 'ros'
[0.633s] DEBUG:colcon.colcon_core.package_identification:Package 'moveit2/moveit_setup_assistant/moveit_setup_app_plugins' with type 'ros.ament_cmake' and name 'moveit_setup_app_plugins'
[0.633s] Level 1:colcon.colcon_core.package_identification:_identify(moveit2/moveit_setup_assistant/moveit_setup_assistant) by extensions ['ignore', 'ignore_ament_install']
[0.633s] Level 1:colcon.colcon_core.package_identification:_identify(moveit2/moveit_setup_assistant/moveit_setup_assistant) by extension 'ignore'
[0.633s] Level 1:colcon.colcon_core.package_identification:_identify(moveit2/moveit_setup_assistant/moveit_setup_assistant) by extension 'ignore_ament_install'
[0.634s] Level 1:colcon.colcon_core.package_identification:_identify(moveit2/moveit_setup_assistant/moveit_setup_assistant) by extensions ['colcon_pkg']
[0.634s] Level 1:colcon.colcon_core.package_identification:_identify(moveit2/moveit_setup_assistant/moveit_setup_assistant) by extension 'colcon_pkg'
[0.634s] Level 1:colcon.colcon_core.package_identification:_identify(moveit2/moveit_setup_assistant/moveit_setup_assistant) by extensions ['colcon_meta']
[0.634s] Level 1:colcon.colcon_core.package_identification:_identify(moveit2/moveit_setup_assistant/moveit_setup_assistant) by extension 'colcon_meta'
[0.634s] Level 1:colcon.colcon_core.package_identification:_identify(moveit2/moveit_setup_assistant/moveit_setup_assistant) by extensions ['ros']
[0.634s] Level 1:colcon.colcon_core.package_identification:_identify(moveit2/moveit_setup_assistant/moveit_setup_assistant) by extension 'ros'
[0.635s] DEBUG:colcon.colcon_core.package_identification:Package 'moveit2/moveit_setup_assistant/moveit_setup_assistant' with type 'ros.ament_cmake' and name 'moveit_setup_assistant'
[0.636s] Level 1:colcon.colcon_core.package_identification:_identify(moveit2/moveit_setup_assistant/moveit_setup_controllers) by extensions ['ignore', 'ignore_ament_install']
[0.636s] Level 1:colcon.colcon_core.package_identification:_identify(moveit2/moveit_setup_assistant/moveit_setup_controllers) by extension 'ignore'
[0.636s] Level 1:colcon.colcon_core.package_identification:_identify(moveit2/moveit_setup_assistant/moveit_setup_controllers) by extension 'ignore_ament_install'
[0.636s] Level 1:colcon.colcon_core.package_identification:_identify(moveit2/moveit_setup_assistant/moveit_setup_controllers) by extensions ['colcon_pkg']
[0.636s] Level 1:colcon.colcon_core.package_identification:_identify(moveit2/moveit_setup_assistant/moveit_setup_controllers) by extension 'colcon_pkg'
[0.636s] Level 1:colcon.colcon_core.package_identification:_identify(moveit2/moveit_setup_assistant/moveit_setup_controllers) by extensions ['colcon_meta']
[0.636s] Level 1:colcon.colcon_core.package_identification:_identify(moveit2/moveit_setup_assistant/moveit_setup_controllers) by extension 'colcon_meta'
[0.636s] Level 1:colcon.colcon_core.package_identification:_identify(moveit2/moveit_setup_assistant/moveit_setup_controllers) by extensions ['ros']
[0.636s] Level 1:colcon.colcon_core.package_identification:_identify(moveit2/moveit_setup_assistant/moveit_setup_controllers) by extension 'ros'
[0.638s] DEBUG:colcon.colcon_core.package_identification:Package 'moveit2/moveit_setup_assistant/moveit_setup_controllers' with type 'ros.ament_cmake' and name 'moveit_setup_controllers'
[0.638s] Level 1:colcon.colcon_core.package_identification:_identify(moveit2/moveit_setup_assistant/moveit_setup_core_plugins) by extensions ['ignore', 'ignore_ament_install']
[0.638s] Level 1:colcon.colcon_core.package_identification:_identify(moveit2/moveit_setup_assistant/moveit_setup_core_plugins) by extension 'ignore'
[0.638s] Level 1:colcon.colcon_core.package_identification:_identify(moveit2/moveit_setup_assistant/moveit_setup_core_plugins) by extension 'ignore_ament_install'
[0.638s] Level 1:colcon.colcon_core.package_identification:_identify(moveit2/moveit_setup_assistant/moveit_setup_core_plugins) by extensions ['colcon_pkg']
[0.638s] Level 1:colcon.colcon_core.package_identification:_identify(moveit2/moveit_setup_assistant/moveit_setup_core_plugins) by extension 'colcon_pkg'
[0.638s] Level 1:colcon.colcon_core.package_identification:_identify(moveit2/moveit_setup_assistant/moveit_setup_core_plugins) by extensions ['colcon_meta']
[0.638s] Level 1:colcon.colcon_core.package_identification:_identify(moveit2/moveit_setup_assistant/moveit_setup_core_plugins) by extension 'colcon_meta'
[0.638s] Level 1:colcon.colcon_core.package_identification:_identify(moveit2/moveit_setup_assistant/moveit_setup_core_plugins) by extensions ['ros']
[0.638s] Level 1:colcon.colcon_core.package_identification:_identify(moveit2/moveit_setup_assistant/moveit_setup_core_plugins) by extension 'ros'
[0.640s] DEBUG:colcon.colcon_core.package_identification:Package 'moveit2/moveit_setup_assistant/moveit_setup_core_plugins' with type 'ros.ament_cmake' and name 'moveit_setup_core_plugins'
[0.640s] Level 1:colcon.colcon_core.package_identification:_identify(moveit2/moveit_setup_assistant/moveit_setup_framework) by extensions ['ignore', 'ignore_ament_install']
[0.640s] Level 1:colcon.colcon_core.package_identification:_identify(moveit2/moveit_setup_assistant/moveit_setup_framework) by extension 'ignore'
[0.640s] Level 1:colcon.colcon_core.package_identification:_identify(moveit2/moveit_setup_assistant/moveit_setup_framework) by extension 'ignore_ament_install'
[0.640s] Level 1:colcon.colcon_core.package_identification:_identify(moveit2/moveit_setup_assistant/moveit_setup_framework) by extensions ['colcon_pkg']
[0.640s] Level 1:colcon.colcon_core.package_identification:_identify(moveit2/moveit_setup_assistant/moveit_setup_framework) by extension 'colcon_pkg'
[0.641s] Level 1:colcon.colcon_core.package_identification:_identify(moveit2/moveit_setup_assistant/moveit_setup_framework) by extensions ['colcon_meta']
[0.641s] Level 1:colcon.colcon_core.package_identification:_identify(moveit2/moveit_setup_assistant/moveit_setup_framework) by extension 'colcon_meta'
[0.641s] Level 1:colcon.colcon_core.package_identification:_identify(moveit2/moveit_setup_assistant/moveit_setup_framework) by extensions ['ros']
[0.641s] Level 1:colcon.colcon_core.package_identification:_identify(moveit2/moveit_setup_assistant/moveit_setup_framework) by extension 'ros'
[0.643s] DEBUG:colcon.colcon_core.package_identification:Package 'moveit2/moveit_setup_assistant/moveit_setup_framework' with type 'ros.ament_cmake' and name 'moveit_setup_framework'
[0.643s] Level 1:colcon.colcon_core.package_identification:_identify(moveit2/moveit_setup_assistant/moveit_setup_simulation) by extensions ['ignore', 'ignore_ament_install']
[0.643s] Level 1:colcon.colcon_core.package_identification:_identify(moveit2/moveit_setup_assistant/moveit_setup_simulation) by extension 'ignore'
[0.643s] Level 1:colcon.colcon_core.package_identification:_identify(moveit2/moveit_setup_assistant/moveit_setup_simulation) ignored
[0.643s] Level 1:colcon.colcon_core.package_identification:_identify(moveit2/moveit_setup_assistant/moveit_setup_srdf_plugins) by extensions ['ignore', 'ignore_ament_install']
[0.643s] Level 1:colcon.colcon_core.package_identification:_identify(moveit2/moveit_setup_assistant/moveit_setup_srdf_plugins) by extension 'ignore'
[0.643s] Level 1:colcon.colcon_core.package_identification:_identify(moveit2/moveit_setup_assistant/moveit_setup_srdf_plugins) by extension 'ignore_ament_install'
[0.644s] Level 1:colcon.colcon_core.package_identification:_identify(moveit2/moveit_setup_assistant/moveit_setup_srdf_plugins) by extensions ['colcon_pkg']
[0.644s] Level 1:colcon.colcon_core.package_identification:_identify(moveit2/moveit_setup_assistant/moveit_setup_srdf_plugins) by extension 'colcon_pkg'
[0.644s] Level 1:colcon.colcon_core.package_identification:_identify(moveit2/moveit_setup_assistant/moveit_setup_srdf_plugins) by extensions ['colcon_meta']
[0.644s] Level 1:colcon.colcon_core.package_identification:_identify(moveit2/moveit_setup_assistant/moveit_setup_srdf_plugins) by extension 'colcon_meta'
[0.644s] Level 1:colcon.colcon_core.package_identification:_identify(moveit2/moveit_setup_assistant/moveit_setup_srdf_plugins) by extensions ['ros']
[0.644s] Level 1:colcon.colcon_core.package_identification:_identify(moveit2/moveit_setup_assistant/moveit_setup_srdf_plugins) by extension 'ros'
[0.645s] DEBUG:colcon.colcon_core.package_identification:Package 'moveit2/moveit_setup_assistant/moveit_setup_srdf_plugins' with type 'ros.ament_cmake' and name 'moveit_setup_srdf_plugins'
[0.645s] Level 1:colcon.colcon_core.package_identification:_identify(moveit2/moveit_setup_assistant/unported_templates) by extensions ['ignore', 'ignore_ament_install']
[0.645s] Level 1:colcon.colcon_core.package_identification:_identify(moveit2/moveit_setup_assistant/unported_templates) by extension 'ignore'
[0.645s] Level 1:colcon.colcon_core.package_identification:_identify(moveit2/moveit_setup_assistant/unported_templates) by extension 'ignore_ament_install'
[0.646s] Level 1:colcon.colcon_core.package_identification:_identify(moveit2/moveit_setup_assistant/unported_templates) by extensions ['colcon_pkg']
[0.646s] Level 1:colcon.colcon_core.package_identification:_identify(moveit2/moveit_setup_assistant/unported_templates) by extension 'colcon_pkg'
[0.646s] Level 1:colcon.colcon_core.package_identification:_identify(moveit2/moveit_setup_assistant/unported_templates) by extensions ['colcon_meta']
[0.646s] Level 1:colcon.colcon_core.package_identification:_identify(moveit2/moveit_setup_assistant/unported_templates) by extension 'colcon_meta'
[0.646s] Level 1:colcon.colcon_core.package_identification:_identify(moveit2/moveit_setup_assistant/unported_templates) by extensions ['ros']
[0.646s] Level 1:colcon.colcon_core.package_identification:_identify(moveit2/moveit_setup_assistant/unported_templates) by extension 'ros'
[0.646s] Level 1:colcon.colcon_core.package_identification:_identify(moveit2/moveit_setup_assistant/unported_templates) by extensions ['cmake', 'python']
[0.646s] Level 1:colcon.colcon_core.package_identification:_identify(moveit2/moveit_setup_assistant/unported_templates) by extension 'cmake'
[0.646s] Level 1:colcon.colcon_core.package_identification:_identify(moveit2/moveit_setup_assistant/unported_templates) by extension 'python'
[0.646s] Level 1:colcon.colcon_core.package_identification:_identify(moveit2/moveit_setup_assistant/unported_templates) by extensions ['python_setup_py']
[0.646s] Level 1:colcon.colcon_core.package_identification:_identify(moveit2/moveit_setup_assistant/unported_templates) by extension 'python_setup_py'
[0.646s] Level 1:colcon.colcon_core.package_identification:_identify(moveit2_tutorials) by extensions ['ignore', 'ignore_ament_install']
[0.647s] Level 1:colcon.colcon_core.package_identification:_identify(moveit2_tutorials) by extension 'ignore'
[0.647s] Level 1:colcon.colcon_core.package_identification:_identify(moveit2_tutorials) by extension 'ignore_ament_install'
[0.647s] Level 1:colcon.colcon_core.package_identification:_identify(moveit2_tutorials) by extensions ['colcon_pkg']
[0.647s] Level 1:colcon.colcon_core.package_identification:_identify(moveit2_tutorials) by extension 'colcon_pkg'
[0.647s] Level 1:colcon.colcon_core.package_identification:_identify(moveit2_tutorials) by extensions ['colcon_meta']
[0.647s] Level 1:colcon.colcon_core.package_identification:_identify(moveit2_tutorials) by extension 'colcon_meta'
[0.647s] Level 1:colcon.colcon_core.package_identification:_identify(moveit2_tutorials) by extensions ['ros']
[0.647s] Level 1:colcon.colcon_core.package_identification:_identify(moveit2_tutorials) by extension 'ros'
[0.650s] DEBUG:colcon.colcon_core.package_identification:Package 'moveit2_tutorials' with type 'ros.ament_cmake' and name 'moveit2_tutorials'
[0.650s] Level 1:colcon.colcon_core.package_identification:_identify(moveit_resources) by extensions ['ignore', 'ignore_ament_install']
[0.650s] Level 1:colcon.colcon_core.package_identification:_identify(moveit_resources) by extension 'ignore'
[0.650s] Level 1:colcon.colcon_core.package_identification:_identify(moveit_resources) by extension 'ignore_ament_install'
[0.650s] Level 1:colcon.colcon_core.package_identification:_identify(moveit_resources) by extensions ['colcon_pkg']
[0.650s] Level 1:colcon.colcon_core.package_identification:_identify(moveit_resources) by extension 'colcon_pkg'
[0.650s] Level 1:colcon.colcon_core.package_identification:_identify(moveit_resources) by extensions ['colcon_meta']
[0.650s] Level 1:colcon.colcon_core.package_identification:_identify(moveit_resources) by extension 'colcon_meta'
[0.651s] Level 1:colcon.colcon_core.package_identification:_identify(moveit_resources) by extensions ['ros']
[0.651s] Level 1:colcon.colcon_core.package_identification:_identify(moveit_resources) by extension 'ros'
[0.651s] Level 1:colcon.colcon_core.package_identification:_identify(moveit_resources) by extensions ['cmake', 'python']
[0.651s] Level 1:colcon.colcon_core.package_identification:_identify(moveit_resources) by extension 'cmake'
[0.651s] Level 1:colcon.colcon_core.package_identification:_identify(moveit_resources) by extension 'python'
[0.651s] Level 1:colcon.colcon_core.package_identification:_identify(moveit_resources) by extensions ['python_setup_py']
[0.651s] Level 1:colcon.colcon_core.package_identification:_identify(moveit_resources) by extension 'python_setup_py'
[0.651s] Level 1:colcon.colcon_core.package_identification:_identify(moveit_resources/fanuc_description) by extensions ['ignore', 'ignore_ament_install']
[0.651s] Level 1:colcon.colcon_core.package_identification:_identify(moveit_resources/fanuc_description) by extension 'ignore'
[0.651s] Level 1:colcon.colcon_core.package_identification:_identify(moveit_resources/fanuc_description) by extension 'ignore_ament_install'
[0.651s] Level 1:colcon.colcon_core.package_identification:_identify(moveit_resources/fanuc_description) by extensions ['colcon_pkg']
[0.652s] Level 1:colcon.colcon_core.package_identification:_identify(moveit_resources/fanuc_description) by extension 'colcon_pkg'
[0.652s] Level 1:colcon.colcon_core.package_identification:_identify(moveit_resources/fanuc_description) by extensions ['colcon_meta']
[0.652s] Level 1:colcon.colcon_core.package_identification:_identify(moveit_resources/fanuc_description) by extension 'colcon_meta'
[0.652s] Level 1:colcon.colcon_core.package_identification:_identify(moveit_resources/fanuc_description) by extensions ['ros']
[0.652s] Level 1:colcon.colcon_core.package_identification:_identify(moveit_resources/fanuc_description) by extension 'ros'
[0.653s] DEBUG:colcon.colcon_core.package_identification:Package 'moveit_resources/fanuc_description' with type 'ros.ament_cmake' and name 'moveit_resources_fanuc_description'
[0.653s] Level 1:colcon.colcon_core.package_identification:_identify(moveit_resources/fanuc_moveit_config) by extensions ['ignore', 'ignore_ament_install']
[0.653s] Level 1:colcon.colcon_core.package_identification:_identify(moveit_resources/fanuc_moveit_config) by extension 'ignore'
[0.653s] Level 1:colcon.colcon_core.package_identification:_identify(moveit_resources/fanuc_moveit_config) by extension 'ignore_ament_install'
[0.653s] Level 1:colcon.colcon_core.package_identification:_identify(moveit_resources/fanuc_moveit_config) by extensions ['colcon_pkg']
[0.653s] Level 1:colcon.colcon_core.package_identification:_identify(moveit_resources/fanuc_moveit_config) by extension 'colcon_pkg'
[0.653s] Level 1:colcon.colcon_core.package_identification:_identify(moveit_resources/fanuc_moveit_config) by extensions ['colcon_meta']
[0.653s] Level 1:colcon.colcon_core.package_identification:_identify(moveit_resources/fanuc_moveit_config) by extension 'colcon_meta'
[0.653s] Level 1:colcon.colcon_core.package_identification:_identify(moveit_resources/fanuc_moveit_config) by extensions ['ros']
[0.653s] Level 1:colcon.colcon_core.package_identification:_identify(moveit_resources/fanuc_moveit_config) by extension 'ros'
[0.654s] DEBUG:colcon.colcon_core.package_identification:Package 'moveit_resources/fanuc_moveit_config' with type 'ros.ament_cmake' and name 'moveit_resources_fanuc_moveit_config'
[0.655s] Level 1:colcon.colcon_core.package_identification:_identify(moveit_resources/g01_description) by extensions ['ignore', 'ignore_ament_install']
[0.655s] Level 1:colcon.colcon_core.package_identification:_identify(moveit_resources/g01_description) by extension 'ignore'
[0.655s] Level 1:colcon.colcon_core.package_identification:_identify(moveit_resources/g01_description) by extension 'ignore_ament_install'
[0.655s] Level 1:colcon.colcon_core.package_identification:_identify(moveit_resources/g01_description) by extensions ['colcon_pkg']
[0.655s] Level 1:colcon.colcon_core.package_identification:_identify(moveit_resources/g01_description) by extension 'colcon_pkg'
[0.655s] Level 1:colcon.colcon_core.package_identification:_identify(moveit_resources/g01_description) by extensions ['colcon_meta']
[0.655s] Level 1:colcon.colcon_core.package_identification:_identify(moveit_resources/g01_description) by extension 'colcon_meta'
[0.655s] Level 1:colcon.colcon_core.package_identification:_identify(moveit_resources/g01_description) by extensions ['ros']
[0.655s] Level 1:colcon.colcon_core.package_identification:_identify(moveit_resources/g01_description) by extension 'ros'
[0.656s] DEBUG:colcon.colcon_core.package_identification:Package 'moveit_resources/g01_description' with type 'ros.ament_cmake' and name 'moveit_resources_g01_description'
[0.656s] Level 1:colcon.colcon_core.package_identification:_identify(moveit_resources/moveit_resources) by extensions ['ignore', 'ignore_ament_install']
[0.656s] Level 1:colcon.colcon_core.package_identification:_identify(moveit_resources/moveit_resources) by extension 'ignore'
[0.656s] Level 1:colcon.colcon_core.package_identification:_identify(moveit_resources/moveit_resources) by extension 'ignore_ament_install'
[0.657s] Level 1:colcon.colcon_core.package_identification:_identify(moveit_resources/moveit_resources) by extensions ['colcon_pkg']
[0.657s] Level 1:colcon.colcon_core.package_identification:_identify(moveit_resources/moveit_resources) by extension 'colcon_pkg'
[0.657s] Level 1:colcon.colcon_core.package_identification:_identify(moveit_resources/moveit_resources) by extensions ['colcon_meta']
[0.657s] Level 1:colcon.colcon_core.package_identification:_identify(moveit_resources/moveit_resources) by extension 'colcon_meta'
[0.657s] Level 1:colcon.colcon_core.package_identification:_identify(moveit_resources/moveit_resources) by extensions ['ros']
[0.657s] Level 1:colcon.colcon_core.package_identification:_identify(moveit_resources/moveit_resources) by extension 'ros'
[0.658s] DEBUG:colcon.colcon_core.package_identification:Package 'moveit_resources/moveit_resources' with type 'ros.ament_cmake' and name 'moveit_resources'
[0.658s] Level 1:colcon.colcon_core.package_identification:_identify(moveit_resources/panda_description) by extensions ['ignore', 'ignore_ament_install']
[0.659s] Level 1:colcon.colcon_core.package_identification:_identify(moveit_resources/panda_description) by extension 'ignore'
[0.659s] Level 1:colcon.colcon_core.package_identification:_identify(moveit_resources/panda_description) by extension 'ignore_ament_install'
[0.659s] Level 1:colcon.colcon_core.package_identification:_identify(moveit_resources/panda_description) by extensions ['colcon_pkg']
[0.659s] Level 1:colcon.colcon_core.package_identification:_identify(moveit_resources/panda_description) by extension 'colcon_pkg'
[0.659s] Level 1:colcon.colcon_core.package_identification:_identify(moveit_resources/panda_description) by extensions ['colcon_meta']
[0.659s] Level 1:colcon.colcon_core.package_identification:_identify(moveit_resources/panda_description) by extension 'colcon_meta'
[0.660s] Level 1:colcon.colcon_core.package_identification:_identify(moveit_resources/panda_description) by extensions ['ros']
[0.660s] Level 1:colcon.colcon_core.package_identification:_identify(moveit_resources/panda_description) by extension 'ros'
[0.661s] DEBUG:colcon.colcon_core.package_identification:Package 'moveit_resources/panda_description' with type 'ros.ament_cmake' and name 'moveit_resources_panda_description'
[0.661s] Level 1:colcon.colcon_core.package_identification:_identify(moveit_resources/panda_moveit_config) by extensions ['ignore', 'ignore_ament_install']
[0.661s] Level 1:colcon.colcon_core.package_identification:_identify(moveit_resources/panda_moveit_config) by extension 'ignore'
[0.661s] Level 1:colcon.colcon_core.package_identification:_identify(moveit_resources/panda_moveit_config) by extension 'ignore_ament_install'
[0.661s] Level 1:colcon.colcon_core.package_identification:_identify(moveit_resources/panda_moveit_config) by extensions ['colcon_pkg']
[0.662s] Level 1:colcon.colcon_core.package_identification:_identify(moveit_resources/panda_moveit_config) by extension 'colcon_pkg'
[0.662s] Level 1:colcon.colcon_core.package_identification:_identify(moveit_resources/panda_moveit_config) by extensions ['colcon_meta']
[0.662s] Level 1:colcon.colcon_core.package_identification:_identify(moveit_resources/panda_moveit_config) by extension 'colcon_meta'
[0.662s] Level 1:colcon.colcon_core.package_identification:_identify(moveit_resources/panda_moveit_config) by extensions ['ros']
[0.662s] Level 1:colcon.colcon_core.package_identification:_identify(moveit_resources/panda_moveit_config) by extension 'ros'
[0.663s] DEBUG:colcon.colcon_core.package_identification:Package 'moveit_resources/panda_moveit_config' with type 'ros.ament_cmake' and name 'moveit_resources_panda_moveit_config'
[0.663s] Level 1:colcon.colcon_core.package_identification:_identify(moveit_resources/pr2_description) by extensions ['ignore', 'ignore_ament_install']
[0.663s] Level 1:colcon.colcon_core.package_identification:_identify(moveit_resources/pr2_description) by extension 'ignore'
[0.663s] Level 1:colcon.colcon_core.package_identification:_identify(moveit_resources/pr2_description) by extension 'ignore_ament_install'
[0.664s] Level 1:colcon.colcon_core.package_identification:_identify(moveit_resources/pr2_description) by extensions ['colcon_pkg']
[0.664s] Level 1:colcon.colcon_core.package_identification:_identify(moveit_resources/pr2_description) by extension 'colcon_pkg'
[0.664s] Level 1:colcon.colcon_core.package_identification:_identify(moveit_resources/pr2_description) by extensions ['colcon_meta']
[0.664s] Level 1:colcon.colcon_core.package_identification:_identify(moveit_resources/pr2_description) by extension 'colcon_meta'
[0.664s] Level 1:colcon.colcon_core.package_identification:_identify(moveit_resources/pr2_description) by extensions ['ros']
[0.664s] Level 1:colcon.colcon_core.package_identification:_identify(moveit_resources/pr2_description) by extension 'ros'
[0.665s] DEBUG:colcon.colcon_core.package_identification:Package 'moveit_resources/pr2_description' with type 'ros.ament_cmake' and name 'moveit_resources_pr2_description'
[0.665s] Level 1:colcon.colcon_core.package_identification:_identify(moveit_resources/qj2m_description) by extensions ['ignore', 'ignore_ament_install']
[0.665s] Level 1:colcon.colcon_core.package_identification:_identify(moveit_resources/qj2m_description) by extension 'ignore'
[0.665s] Level 1:colcon.colcon_core.package_identification:_identify(moveit_resources/qj2m_description) by extension 'ignore_ament_install'
[0.666s] Level 1:colcon.colcon_core.package_identification:_identify(moveit_resources/qj2m_description) by extensions ['colcon_pkg']
[0.666s] Level 1:colcon.colcon_core.package_identification:_identify(moveit_resources/qj2m_description) by extension 'colcon_pkg'
[0.666s] Level 1:colcon.colcon_core.package_identification:_identify(moveit_resources/qj2m_description) by extensions ['colcon_meta']
[0.666s] Level 1:colcon.colcon_core.package_identification:_identify(moveit_resources/qj2m_description) by extension 'colcon_meta'
[0.666s] Level 1:colcon.colcon_core.package_identification:_identify(moveit_resources/qj2m_description) by extensions ['ros']
[0.666s] Level 1:colcon.colcon_core.package_identification:_identify(moveit_resources/qj2m_description) by extension 'ros'
[0.667s] DEBUG:colcon.colcon_core.package_identification:Package 'moveit_resources/qj2m_description' with type 'ros.ament_cmake' and name 'moveit_resources_qj2m_description'
[0.667s] Level 1:colcon.colcon_core.package_identification:_identify(moveit_task_constructor) by extensions ['ignore', 'ignore_ament_install']
[0.667s] Level 1:colcon.colcon_core.package_identification:_identify(moveit_task_constructor) by extension 'ignore'
[0.667s] Level 1:colcon.colcon_core.package_identification:_identify(moveit_task_constructor) by extension 'ignore_ament_install'
[0.667s] Level 1:colcon.colcon_core.package_identification:_identify(moveit_task_constructor) by extensions ['colcon_pkg']
[0.667s] Level 1:colcon.colcon_core.package_identification:_identify(moveit_task_constructor) by extension 'colcon_pkg'
[0.667s] Level 1:colcon.colcon_core.package_identification:_identify(moveit_task_constructor) by extensions ['colcon_meta']
[0.667s] Level 1:colcon.colcon_core.package_identification:_identify(moveit_task_constructor) by extension 'colcon_meta'
[0.667s] Level 1:colcon.colcon_core.package_identification:_identify(moveit_task_constructor) by extensions ['ros']
[0.667s] Level 1:colcon.colcon_core.package_identification:_identify(moveit_task_constructor) by extension 'ros'
[0.668s] Level 1:colcon.colcon_core.package_identification:_identify(moveit_task_constructor) by extensions ['cmake', 'python']
[0.668s] Level 1:colcon.colcon_core.package_identification:_identify(moveit_task_constructor) by extension 'cmake'
[0.668s] Level 1:colcon.colcon_core.package_identification:_identify(moveit_task_constructor) by extension 'python'
[0.668s] Level 1:colcon.colcon_core.package_identification:_identify(moveit_task_constructor) by extensions ['python_setup_py']
[0.668s] Level 1:colcon.colcon_core.package_identification:_identify(moveit_task_constructor) by extension 'python_setup_py'
[0.668s] Level 1:colcon.colcon_core.package_identification:_identify(moveit_task_constructor/capabilities) by extensions ['ignore', 'ignore_ament_install']
[0.668s] Level 1:colcon.colcon_core.package_identification:_identify(moveit_task_constructor/capabilities) by extension 'ignore'
[0.668s] Level 1:colcon.colcon_core.package_identification:_identify(moveit_task_constructor/capabilities) by extension 'ignore_ament_install'
[0.668s] Level 1:colcon.colcon_core.package_identification:_identify(moveit_task_constructor/capabilities) by extensions ['colcon_pkg']
[0.668s] Level 1:colcon.colcon_core.package_identification:_identify(moveit_task_constructor/capabilities) by extension 'colcon_pkg'
[0.668s] Level 1:colcon.colcon_core.package_identification:_identify(moveit_task_constructor/capabilities) by extensions ['colcon_meta']
[0.668s] Level 1:colcon.colcon_core.package_identification:_identify(moveit_task_constructor/capabilities) by extension 'colcon_meta'
[0.669s] Level 1:colcon.colcon_core.package_identification:_identify(moveit_task_constructor/capabilities) by extensions ['ros']
[0.669s] Level 1:colcon.colcon_core.package_identification:_identify(moveit_task_constructor/capabilities) by extension 'ros'
[0.670s] DEBUG:colcon.colcon_core.package_identification:Package 'moveit_task_constructor/capabilities' with type 'ros.ament_cmake' and name 'moveit_task_constructor_capabilities'
[0.670s] Level 1:colcon.colcon_core.package_identification:_identify(moveit_task_constructor/core) by extensions ['ignore', 'ignore_ament_install']
[0.671s] Level 1:colcon.colcon_core.package_identification:_identify(moveit_task_constructor/core) by extension 'ignore'
[0.671s] Level 1:colcon.colcon_core.package_identification:_identify(moveit_task_constructor/core) by extension 'ignore_ament_install'
[0.671s] Level 1:colcon.colcon_core.package_identification:_identify(moveit_task_constructor/core) by extensions ['colcon_pkg']
[0.671s] Level 1:colcon.colcon_core.package_identification:_identify(moveit_task_constructor/core) by extension 'colcon_pkg'
[0.671s] Level 1:colcon.colcon_core.package_identification:_identify(moveit_task_constructor/core) by extensions ['colcon_meta']
[0.671s] Level 1:colcon.colcon_core.package_identification:_identify(moveit_task_constructor/core) by extension 'colcon_meta'
[0.671s] Level 1:colcon.colcon_core.package_identification:_identify(moveit_task_constructor/core) by extensions ['ros']
[0.671s] Level 1:colcon.colcon_core.package_identification:_identify(moveit_task_constructor/core) by extension 'ros'
[0.673s] DEBUG:colcon.colcon_core.package_identification:Package 'moveit_task_constructor/core' with type 'ros.ament_cmake' and name 'moveit_task_constructor_core'
[0.673s] Level 1:colcon.colcon_core.package_identification:_identify(moveit_task_constructor/demo) by extensions ['ignore', 'ignore_ament_install']
[0.674s] Level 1:colcon.colcon_core.package_identification:_identify(moveit_task_constructor/demo) by extension 'ignore'
[0.674s] Level 1:colcon.colcon_core.package_identification:_identify(moveit_task_constructor/demo) by extension 'ignore_ament_install'
[0.674s] Level 1:colcon.colcon_core.package_identification:_identify(moveit_task_constructor/demo) by extensions ['colcon_pkg']
[0.674s] Level 1:colcon.colcon_core.package_identification:_identify(moveit_task_constructor/demo) by extension 'colcon_pkg'
[0.674s] Level 1:colcon.colcon_core.package_identification:_identify(moveit_task_constructor/demo) by extensions ['colcon_meta']
[0.674s] Level 1:colcon.colcon_core.package_identification:_identify(moveit_task_constructor/demo) by extension 'colcon_meta'
[0.674s] Level 1:colcon.colcon_core.package_identification:_identify(moveit_task_constructor/demo) by extensions ['ros']
[0.674s] Level 1:colcon.colcon_core.package_identification:_identify(moveit_task_constructor/demo) by extension 'ros'
[0.677s] DEBUG:colcon.colcon_core.package_identification:Package 'moveit_task_constructor/demo' with type 'ros.ament_cmake' and name 'moveit_task_constructor_demo'
[0.677s] Level 1:colcon.colcon_core.package_identification:_identify(moveit_task_constructor/msgs) by extensions ['ignore', 'ignore_ament_install']
[0.677s] Level 1:colcon.colcon_core.package_identification:_identify(moveit_task_constructor/msgs) by extension 'ignore'
[0.678s] Level 1:colcon.colcon_core.package_identification:_identify(moveit_task_constructor/msgs) by extension 'ignore_ament_install'
[0.678s] Level 1:colcon.colcon_core.package_identification:_identify(moveit_task_constructor/msgs) by extensions ['colcon_pkg']
[0.678s] Level 1:colcon.colcon_core.package_identification:_identify(moveit_task_constructor/msgs) by extension 'colcon_pkg'
[0.678s] Level 1:colcon.colcon_core.package_identification:_identify(moveit_task_constructor/msgs) by extensions ['colcon_meta']
[0.678s] Level 1:colcon.colcon_core.package_identification:_identify(moveit_task_constructor/msgs) by extension 'colcon_meta'
[0.678s] Level 1:colcon.colcon_core.package_identification:_identify(moveit_task_constructor/msgs) by extensions ['ros']
[0.678s] Level 1:colcon.colcon_core.package_identification:_identify(moveit_task_constructor/msgs) by extension 'ros'
[0.679s] DEBUG:colcon.colcon_core.package_identification:Package 'moveit_task_constructor/msgs' with type 'ros.ament_cmake' and name 'moveit_task_constructor_msgs'
[0.679s] Level 1:colcon.colcon_core.package_identification:_identify(moveit_task_constructor/rviz_marker_tools) by extensions ['ignore', 'ignore_ament_install']
[0.679s] Level 1:colcon.colcon_core.package_identification:_identify(moveit_task_constructor/rviz_marker_tools) by extension 'ignore'
[0.679s] Level 1:colcon.colcon_core.package_identification:_identify(moveit_task_constructor/rviz_marker_tools) by extension 'ignore_ament_install'
[0.679s] Level 1:colcon.colcon_core.package_identification:_identify(moveit_task_constructor/rviz_marker_tools) by extensions ['colcon_pkg']
[0.680s] Level 1:colcon.colcon_core.package_identification:_identify(moveit_task_constructor/rviz_marker_tools) by extension 'colcon_pkg'
[0.680s] Level 1:colcon.colcon_core.package_identification:_identify(moveit_task_constructor/rviz_marker_tools) by extensions ['colcon_meta']
[0.680s] Level 1:colcon.colcon_core.package_identification:_identify(moveit_task_constructor/rviz_marker_tools) by extension 'colcon_meta'
[0.680s] Level 1:colcon.colcon_core.package_identification:_identify(moveit_task_constructor/rviz_marker_tools) by extensions ['ros']
[0.680s] Level 1:colcon.colcon_core.package_identification:_identify(moveit_task_constructor/rviz_marker_tools) by extension 'ros'
[0.681s] DEBUG:colcon.colcon_core.package_identification:Package 'moveit_task_constructor/rviz_marker_tools' with type 'ros.ament_cmake' and name 'rviz_marker_tools'
[0.681s] Level 1:colcon.colcon_core.package_identification:_identify(moveit_task_constructor/visualization) by extensions ['ignore', 'ignore_ament_install']
[0.681s] Level 1:colcon.colcon_core.package_identification:_identify(moveit_task_constructor/visualization) by extension 'ignore'
[0.681s] Level 1:colcon.colcon_core.package_identification:_identify(moveit_task_constructor/visualization) by extension 'ignore_ament_install'
[0.682s] Level 1:colcon.colcon_core.package_identification:_identify(moveit_task_constructor/visualization) by extensions ['colcon_pkg']
[0.682s] Level 1:colcon.colcon_core.package_identification:_identify(moveit_task_constructor/visualization) by extension 'colcon_pkg'
[0.682s] Level 1:colcon.colcon_core.package_identification:_identify(moveit_task_constructor/visualization) by extensions ['colcon_meta']
[0.682s] Level 1:colcon.colcon_core.package_identification:_identify(moveit_task_constructor/visualization) by extension 'colcon_meta'
[0.682s] Level 1:colcon.colcon_core.package_identification:_identify(moveit_task_constructor/visualization) by extensions ['ros']
[0.682s] Level 1:colcon.colcon_core.package_identification:_identify(moveit_task_constructor/visualization) by extension 'ros'
[0.683s] DEBUG:colcon.colcon_core.package_identification:Package 'moveit_task_constructor/visualization' with type 'ros.ament_cmake' and name 'moveit_task_constructor_visualization'
[0.683s] Level 1:colcon.colcon_core.package_identification:_identify(moveit_visual_tools) by extensions ['ignore', 'ignore_ament_install']
[0.684s] Level 1:colcon.colcon_core.package_identification:_identify(moveit_visual_tools) by extension 'ignore'
[0.684s] Level 1:colcon.colcon_core.package_identification:_identify(moveit_visual_tools) by extension 'ignore_ament_install'
[0.684s] Level 1:colcon.colcon_core.package_identification:_identify(moveit_visual_tools) by extensions ['colcon_pkg']
[0.684s] Level 1:colcon.colcon_core.package_identification:_identify(moveit_visual_tools) by extension 'colcon_pkg'
[0.684s] Level 1:colcon.colcon_core.package_identification:_identify(moveit_visual_tools) by extensions ['colcon_meta']
[0.684s] Level 1:colcon.colcon_core.package_identification:_identify(moveit_visual_tools) by extension 'colcon_meta'
[0.684s] Level 1:colcon.colcon_core.package_identification:_identify(moveit_visual_tools) by extensions ['ros']
[0.684s] Level 1:colcon.colcon_core.package_identification:_identify(moveit_visual_tools) by extension 'ros'
[0.686s] DEBUG:colcon.colcon_core.package_identification:Package 'moveit_visual_tools' with type 'ros.ament_cmake' and name 'moveit_visual_tools'
[0.686s] Level 1:colcon.colcon_core.package_identification:_identify(pkg_msg_define) by extensions ['ignore', 'ignore_ament_install']
[0.686s] Level 1:colcon.colcon_core.package_identification:_identify(pkg_msg_define) by extension 'ignore'
[0.686s] Level 1:colcon.colcon_core.package_identification:_identify(pkg_msg_define) by extension 'ignore_ament_install'
[0.687s] Level 1:colcon.colcon_core.package_identification:_identify(pkg_msg_define) by extensions ['colcon_pkg']
[0.687s] Level 1:colcon.colcon_core.package_identification:_identify(pkg_msg_define) by extension 'colcon_pkg'
[0.687s] Level 1:colcon.colcon_core.package_identification:_identify(pkg_msg_define) by extensions ['colcon_meta']
[0.687s] Level 1:colcon.colcon_core.package_identification:_identify(pkg_msg_define) by extension 'colcon_meta'
[0.687s] Level 1:colcon.colcon_core.package_identification:_identify(pkg_msg_define) by extensions ['ros']
[0.687s] Level 1:colcon.colcon_core.package_identification:_identify(pkg_msg_define) by extension 'ros'
[0.688s] DEBUG:colcon.colcon_core.package_identification:Package 'pkg_msg_define' with type 'ros.ament_cmake' and name 'pkg_msg_define'
[0.688s] Level 1:colcon.colcon_core.package_identification:_identify(qj2m_moveit_config) by extensions ['ignore', 'ignore_ament_install']
[0.688s] Level 1:colcon.colcon_core.package_identification:_identify(qj2m_moveit_config) by extension 'ignore'
[0.688s] Level 1:colcon.colcon_core.package_identification:_identify(qj2m_moveit_config) by extension 'ignore_ament_install'
[0.688s] Level 1:colcon.colcon_core.package_identification:_identify(qj2m_moveit_config) by extensions ['colcon_pkg']
[0.688s] Level 1:colcon.colcon_core.package_identification:_identify(qj2m_moveit_config) by extension 'colcon_pkg'
[0.688s] Level 1:colcon.colcon_core.package_identification:_identify(qj2m_moveit_config) by extensions ['colcon_meta']
[0.688s] Level 1:colcon.colcon_core.package_identification:_identify(qj2m_moveit_config) by extension 'colcon_meta'
[0.688s] Level 1:colcon.colcon_core.package_identification:_identify(qj2m_moveit_config) by extensions ['ros']
[0.688s] Level 1:colcon.colcon_core.package_identification:_identify(qj2m_moveit_config) by extension 'ros'
[0.690s] DEBUG:colcon.colcon_core.package_identification:Package 'qj2m_moveit_config' with type 'ros.ament_cmake' and name 'qj2m_moveit_config'
[0.690s] Level 1:colcon.colcon_core.package_identification:_identify(rosparam_shortcuts) by extensions ['ignore', 'ignore_ament_install']
[0.690s] Level 1:colcon.colcon_core.package_identification:_identify(rosparam_shortcuts) by extension 'ignore'
[0.690s] Level 1:colcon.colcon_core.package_identification:_identify(rosparam_shortcuts) by extension 'ignore_ament_install'
[0.690s] Level 1:colcon.colcon_core.package_identification:_identify(rosparam_shortcuts) by extensions ['colcon_pkg']
[0.690s] Level 1:colcon.colcon_core.package_identification:_identify(rosparam_shortcuts) by extension 'colcon_pkg'
[0.690s] Level 1:colcon.colcon_core.package_identification:_identify(rosparam_shortcuts) by extensions ['colcon_meta']
[0.690s] Level 1:colcon.colcon_core.package_identification:_identify(rosparam_shortcuts) by extension 'colcon_meta'
[0.690s] Level 1:colcon.colcon_core.package_identification:_identify(rosparam_shortcuts) by extensions ['ros']
[0.690s] Level 1:colcon.colcon_core.package_identification:_identify(rosparam_shortcuts) by extension 'ros'
[0.692s] DEBUG:colcon.colcon_core.package_identification:Package 'rosparam_shortcuts' with type 'ros.ament_cmake' and name 'rosparam_shortcuts'
[0.692s] Level 1:colcon.colcon_core.package_identification:_identify(srdfdom) by extensions ['ignore', 'ignore_ament_install']
[0.692s] Level 1:colcon.colcon_core.package_identification:_identify(srdfdom) by extension 'ignore'
[0.692s] Level 1:colcon.colcon_core.package_identification:_identify(srdfdom) by extension 'ignore_ament_install'
[0.692s] Level 1:colcon.colcon_core.package_identification:_identify(srdfdom) by extensions ['colcon_pkg']
[0.692s] Level 1:colcon.colcon_core.package_identification:_identify(srdfdom) by extension 'colcon_pkg'
[0.692s] Level 1:colcon.colcon_core.package_identification:_identify(srdfdom) by extensions ['colcon_meta']
[0.692s] Level 1:colcon.colcon_core.package_identification:_identify(srdfdom) by extension 'colcon_meta'
[0.693s] Level 1:colcon.colcon_core.package_identification:_identify(srdfdom) by extensions ['ros']
[0.693s] Level 1:colcon.colcon_core.package_identification:_identify(srdfdom) by extension 'ros'
[0.694s] DEBUG:colcon.colcon_core.package_identification:Package 'srdfdom' with type 'ros.ament_cmake' and name 'srdfdom'
[0.694s] Level 1:colcon.colcon_core.package_discovery:discover_packages(recursive) using defaults
[0.694s] Level 1:colcon.colcon_core.package_discovery:discover_packages(ignore) discover
[0.694s] Level 1:colcon.colcon_core.package_discovery:discover_packages(ignore) using defaults
[0.695s] Level 1:colcon.colcon_core.package_discovery:discover_packages(path) discover
[0.695s] Level 1:colcon.colcon_core.package_discovery:discover_packages(path) using defaults
